district_code,district_name,localbody_code,localbody_name
702,KALIMPONG,260972,AAHALEY
304,24 PARAGANAS SOUTH,108220,ABAD BHAGAWANPUR
307,BIRBHUM,108917,ABINASHPUR
306,PURBA BARDHAMAN,108557,ABUJHATI-I
306,PURBA BARDHAMAN,108558,ABUJHATI-II
704,PASCHIM BARDHAMAN,108745,ACHHRA
304,24 PARAGANAS SOUTH,108248,ACHINTYANAGAR
308,COOCHBEHAR,109013,ADABARI
303,24 PARAGANAS NORTH,107777,ADHATA
306,PURBA BARDHAMAN,108548,ADRA
306,PURBA BARDHAMAN,108627,AGARDANGA
321,PURULIA,111029,AGARDI-CHITRA
311,DINAJPUR UTTAR,109286,AGDIMTI-KHANTI
321,PURULIA,111094,AGOYA-NARRA
318,MEDINIPUR WEST,110310,AGRA
306,PURBA BARDHAMAN,108613,AGRADWIP
703,Jhargram,110376,AGUIBONI
319,MURSHIDABAD,110752,AHIRAN
307,BIRBHUM,108898,AHMEDPUR
316,MALDAH,109903,AIHO
318,MEDINIPUR WEST,110256,AINKOLA
312,HOOGHLY,109374,AINYA
319,MURSHIDABAD,110661,AIRMARI KRISHNAPUR
318,MEDINIPUR WEST,110340,AJABNAGAR-I
318,MEDINIPUR WEST,110341,AJABNAGAR-II
306,PURBA BARDHAMAN,108559,AJHAPUR
310,DINAJPUR DAKSHIN,109237,AJMATPUR
321,PURULIA,110960,AJODHYA
305,BANKURA,108470,AJODHYA
303,24 PARAGANAS NORTH,107854,AKAIPUR
306,PURBA BARDHAMAN,108580,AKALPAUS
316,MALDAH,109953,AKANDABARIA
310,DINAJPUR DAKSHIN,109229,AKCHA
319,MURSHIDABAD,110555,AKHERIGANJ
312,HOOGHLY,109501,AKHNA
316,MALDAH,109904,AKTAIL
305,BANKURA,108348,AKUI-I
305,BANKURA,108349,AKUI-II
316,MALDAH,109888,ALAL
703,Jhargram,110359,ALAMPUR
306,PURBA BARDHAMAN,108604,ALAMPUR
320,NADIA,110785,ALFA
316,MALDAH,109862,ALIHANDA
318,MEDINIPUR WEST,110257,ALIKOSHA
316,MALDAH,109930,ALINAGAR
316,MALDAH,109931,ALIPUR-I
316,MALDAH,109932,ALIPUR-II
312,HOOGHLY,109437,ALIPURKASHIPUR
704,PASCHIM BARDHAMAN,108746,ALLADI
311,DINAJPUR UTTAR,109319,ALTAPUR-I
311,DINAJPUR UTTAR,109320,ALTAPUR-II
319,MURSHIDABAD,110569,ALUGRAM
307,BIRBHUM,108910,ALUNDA
306,PURBA BARDHAMAN,108673,AMADPUR
317,MEDINIPUR EAST,110086,AMALHANDA
318,MEDINIPUR WEST,110398,AMANPUR
703,Jhargram,110360,AMARDA
313,HOWRAH,109674,AMARDAHA
319,MURSHIDABAD,110681,AMARKUNDU
306,PURBA BARDHAMAN,108486,AMARPUR
307,BIRBHUM,108899,AMARPUR
317,MEDINIPUR EAST,110163,AMARSHI-I
317,MEDINIPUR EAST,110164,AMARSHI-II
306,PURBA BARDHAMAN,108501,AMARUN-I
306,PURBA BARDHAMAN,108502,AMARUN-II
308,COOCHBEHAR,108923,AMBARI
305,BANKURA,108422,AMBIKANAGAR
317,MEDINIPUR EAST,110142,AMDABAD-I
317,MEDINIPUR EAST,110143,AMDABAD-II
319,MURSHIDABAD,110556,AMDAHARA
303,24 PARAGANAS NORTH,107778,AMDANGA
305,BANKURA,108461,AMDANGRA
307,BIRBHUM,108840,AMDOLE
304,24 PARAGANAS SOUTH,108028,AMGACHHIA
314,JALPAIGURI,109823,AMGURI
304,24 PARAGANAS SOUTH,107996,AMJHARA
318,MEDINIPUR WEST,110311,AMKOPA
318,MEDINIPUR WEST,110312,AMLAGORA
319,MURSHIDABAD,110570,AMLAI
704,PASCHIM BARDHAMAN,108597,AMLAJORA
303,24 PARAGANAS NORTH,107919,AMLANI
318,MEDINIPUR WEST,110322,AMLASULI
312,HOOGHLY,109502,AMNAN
313,HOWRAH,109566,AMRAGORI
318,MEDINIPUR WEST,110399,AMRAKUCHI
704,PASCHIM BARDHAMAN,108739,AMRASOTA
304,24 PARAGANAS SOUTH,108196,AMRATALA
317,MEDINIPUR EAST,110099,AMRITABERIA
310,DINAJPUR DAKSHIN,109183,AMRITAKHAND
316,MALDAH,109877,AMRITI
305,BANKURA,108350,AMRUL
318,MEDINIPUR WEST,110332,AMSOLE
313,HOWRAH,109553,AMTA
304,24 PARAGANAS SOUTH,108115,AMTALI
317,MEDINIPUR EAST,110047,AMTALIA
303,24 PARAGANAS NORTH,107870,AMULIA
312,HOOGHLY,109521,ANANDANAGAR
318,MEDINIPUR WEST,110400,ANANDAPUR
311,DINAJPUR UTTAR,109311,ANANTAPUR
317,MEDINIPUR EAST,110212,ANANTAPUR-I
317,MEDINIPUR EAST,110213,ANANTAPUR-II
321,PURULIA,111066,ANARA
304,24 PARAGANAS SOUTH,108210,ANCHANA
305,BANKURA,108289,ANCHURI
704,PASCHIM BARDHAMAN,108692,ANDAL
308,COOCHBEHAR,109026,ANDARAN-FULBARI-I
308,COOCHBEHAR,109027,ANDARAN-FULBARI-II
305,BANKURA,108290,ANDARTHOLE
304,24 PARAGANAS SOUTH,108029,ANDHAR MANIK
703,Jhargram,110504,ANDHARI
703,Jhargram,110224,ANDHARIA
313,HOWRAH,109648,ANDUL
319,MURSHIDABAD,110527,ANDULBARIA-I
319,MURSHIDABAD,110528,ANDULBARIA-II
319,MURSHIDABAD,110639,ANDULIA
307,BIRBHUM,108821,ANGARGARIA
308,COOCHBEHAR,108985,ANGARKATA-PARDUBI
314,JALPAIGURI,109839,ANGRABHASA-I
314,JALPAIGURI,109840,ANGRABHASA-II
318,MEDINIPUR WEST,110258,ANGUA
320,NADIA,110910,ANISHMALI
306,PURBA BARDHAMAN,108628,ANKHONA
321,PURULIA,111052,ANKROBARAKADAM
313,HOWRAH,109590,ANTILA
312,HOOGHLY,109451,ANTPUR
306,PURBA BARDHAMAN,108581,ANUKHAL
320,NADIA,110900,ANULIA
313,HOWRAH,109554,ANULIA
703,Jhargram,110459,ARA
314,JALPAIGURI,109760,ARABINDA
316,MALDAH,109994,ARAIDANGA
312,HOOGHLY,109346,ARANDI-I
312,HOOGHLY,109347,ARANDI-II
320,NADIA,110911,ARANGHATA
320,NADIA,110924,ARBANDI-I
320,NADIA,110925,ARBANDI-II
305,BANKURA,108382,ARDHAGRAM
317,MEDINIPUR EAST,110172,ARGOAL
318,MEDINIPUR WEST,110413,ARJUNI
317,MEDINIPUR EAST,110012,ARJUNNAGAR
319,MURSHIDABAD,110610,ARJUNPUR
321,PURULIA,111103,ARRAH
305,BANKURA,108313,ARRAH
321,PURULIA,110952,ARSHA
306,PURBA BARDHAMAN,108731,ARUI
312,HOOGHLY,109461,ARUNDA
317,MEDINIPUR EAST,110206,ASHADTALIA
303,24 PARAGANAS NORTH,107799,ASHARU
310,DINAJPUR DAKSHIN,109199,ASHOKEGRAM
312,HOOGHLY,109543,ASHTARADATTAPUR
320,NADIA,110858,ASSANNAGAR
304,24 PARAGANAS SOUTH,108283,ASUTI-I
304,24 PARAGANAS SOUTH,108284,ASUTI-II
306,PURBA BARDHAMAN,108588,ATGHORIASIMLAN
309,DARJEELING,109148,ATHARAKHAI
304,24 PARAGANAS SOUTH,108077,ATHAROBANKI
303,24 PARAGANAS NORTH,107937,ATPUKUR
303,24 PARAGANAS NORTH,107785,ATURIA
317,MEDINIPUR EAST,110048,AURAI
319,MURSHIDABAD,110758,AURANGABAD-I
319,MURSHIDABAD,110759,AURANGABAD-II
306,PURBA BARDHAMAN,108479,AUSGRAM
310,DINAJPUR DAKSHIN,109238,AUTINA
307,BIRBHUM,108880,AYAS
320,NADIA,110926,BABLA
320,NADIA,110877,BABLARI
312,HOOGHLY,109503,BABNAN
321,PURULIA,111104,BABUGRAM
307,BIRBHUM,108784,BABUIJORE
316,MALDAH,109889,BABUPUR
304,24 PARAGANAS SOUTH,108162,BABURMAHAL
313,HOWRAH,109675,BACHHRI
317,MEDINIPUR EAST,110188,BADALPUR
317,MEDINIPUR EAST,110031,BADALPUR
309,DARJEELING,260949,BADAMTAM
312,HOOGHLY,109427,BADANGANJ-FALUI-I
312,HOOGHLY,109428,BADANGANJ-FALUI-II
317,MEDINIPUR EAST,110179,BADHIA
306,PURBA BARDHAMAN,108582,BADLA
320,NADIA,110927,BAGANCHRA
320,NADIA,110786,BAGBERIA
321,PURULIA,111076,BAGDA
303,24 PARAGANAS NORTH,107800,BAGDA
312,HOOGHLY,109522,BAGDANGACHINAMORE
308,COOCHBEHAR,109005,BAGDOGRA-FULKADABRI
306,PURBA BARDHAMAN,108515,BAGHAR-I
306,PURBA BARDHAMAN,108516,BAGHAR-II
318,MEDINIPUR WEST,110389,BAGHASTHI
321,PURULIA,110961,BAGHMUNDI
306,PURBA BARDHAMAN,108589,BAGHNAPARA
306,PURBA BARDHAMAN,108660,BAGHSAN
310,DINAJPUR DAKSHIN,109210,BAGICHAPUR
306,PURBA BARDHAMAN,108674,BAGILA
303,24 PARAGANAS NORTH,107786,BAGJOLA
313,HOWRAH,109580,BAGNAN-I
313,HOWRAH,109581,BAGNAN-II
314,JALPAIGURI,109806,BAGRAKOT
320,NADIA,110797,BAGULA-I
320,NADIA,110798,BAGULA-II
314,JALPAIGURI,109761,BAHADUR
319,MURSHIDABAD,110611,BAHADURPUR
704,PASCHIM BARDHAMAN,108570,BAHADURPUR
319,MURSHIDABAD,110673,BAHADURPUR
319,MURSHIDABAD,110662,BAHADURPUR
321,PURULIA,111067,BAHARA
316,MALDAH,109984,BAHARAL
305,BANKURA,108336,BAHARAMURI
304,24 PARAGANAS SOUTH,108129,BAHARU KSHETRA
311,DINAJPUR UTTAR,109332,BAHIN
313,HOWRAH,109693,BAHIRA
320,NADIA,110912,BAHIRGACHI
307,BIRBHUM,108756,BAHIRI-PANCHSHOWA
319,MURSHIDABAD,110753,BAHUTALI
704,PASCHIM BARDHAMAN,108700,BAIDYANATHPUR
305,BANKURA,108367,BAIDYANATHPUR
316,MALDAH,109905,BAIDYAPUR
306,PURBA BARDHAMAN,108583,BAIDYAPUR
320,NADIA,110913,BAIDYAPUR-I
320,NADIA,110914,BAIDYAPUR-II
306,PURBA BARDHAMAN,108524,BAIKUNTHAPUR-I
306,PURBA BARDHAMAN,108525,BAIKUNTHAPUR-II
313,HOWRAH,109582,BAINAN
312,HOOGHLY,109523,BAINCHIPOTA
308,COOCHBEHAR,108995,BAIRAGIRHAT
303,24 PARAGANAS NORTH,107855,BAIRAMPUR
316,MALDAH,109890,BAIRGACHHI-I
316,MALDAH,109891,BAIRGACHHI-II
310,DINAJPUR DAKSHIN,109211,BAIRHATTA
304,24 PARAGANAS SOUTH,108141,BAISHATA
317,MEDINIPUR EAST,110087,BAISHNABCHAK
703,Jhargram,110225,BAITA
319,MURSHIDABAD,110760,BAJITPUR
303,24 PARAGANAS NORTH,107787,BAJITPUR
307,BIRBHUM,108805,BAJITPUR
317,MEDINIPUR EAST,110109,BAKCHA
316,MALDAH,109954,BAKHRABAD
318,MEDINIPUR WEST,110443,BAKHRABAD
304,24 PARAGANAS SOUTH,108039,BAKHRAHAT
303,24 PARAGANAS NORTH,107911,BAKJURI
312,HOOGHLY,109361,BAKLIADHOBAPARA
312,HOOGHLY,109383,BAKSA
313,HOWRAH,109583,BAKSIHAT
308,COOCHBEHAR,109028,BALABHUT
312,HOOGHLY,109524,BALARAMBATI
321,PURULIA,110968,BALARAMPUR
308,COOCHBEHAR,109029,BALARAMPUR-I
308,COOCHBEHAR,109030,BALARAMPUR-II
312,HOOGHLY,109420,BALI
313,HOWRAH,109597,BALI
319,MURSHIDABAD,110691,BALI-I
304,24 PARAGANAS SOUTH,108116,BALI-I
319,MURSHIDABAD,110692,BALI-II
304,24 PARAGANAS SOUTH,108117,BALI-II
319,MURSHIDABAD,110732,BALIA
319,MURSHIDABAD,110649,BALIA
313,HOWRAH,109555,BALICHAK
313,HOWRAH,109664,BALICHATURI
703,Jhargram,110460,BALIGERIA
312,HOOGHLY,109544,BALIGORI-I
312,HOOGHLY,109545,BALIGORI-II
319,MURSHIDABAD,110557,BALIGRAM
307,BIRBHUM,108765,BALIJURI
312,HOOGHLY,109462,BALIPUR
317,MEDINIPUR EAST,110189,BALISAI
321,PURULIA,111116,BALITORA
704,PASCHIM BARDHAMAN,108740,BALLAVPUR
317,MEDINIPUR EAST,110196,BALLUK-I
317,MEDINIPUR EAST,110197,BALLUK-II
318,MEDINIPUR WEST,110481,BALPAI
305,BANKURA,108402,BALSI-I
305,BANKURA,108403,BALSI-II
303,24 PARAGANAS NORTH,107967,BALTI NITYANANDAKATI
304,24 PARAGANAS SOUTH,108130,BAMANGACHHI
304,24 PARAGANAS SOUTH,108018,BAMANGHATA
308,COOCHBEHAR,108967,BAMANHAT-I
308,COOCHBEHAR,108968,BAMANHAT-II
303,24 PARAGANAS NORTH,107938,BAMANPUKUR
321,PURULIA,111042,BAMNIMAJHIHIRA
321,PURULIA,111020,BAMNIYA-BELYADIH
316,MALDAH,109856,BAMONGOLA
316,MALDAH,109933,BAMONGRAM-MASHIMPUR
306,PURBA BARDHAMAN,108503,BAMUNARA
317,MEDINIPUR EAST,110049,BAMUNIA
306,PURBA BARDHAMAN,108661,BAMUNPARA
305,BANKURA,108430,BAMUNTORE
307,BIRBHUM,108900,BANAGRAM
314,JALPAIGURI,109732,BANARHAT-I
314,JALPAIGURI,109733,BANARHAT-II
305,BANKURA,108326,BANASHURIA
304,24 PARAGANAS SOUTH,108249,BANASHYAMNAGAR
664,Alipurduar,109710,BANCHUKAMARI
664,Alipurduar,109796,BANDAPANI
312,HOOGHLY,109392,BANDEL
703,Jhargram,110377,BANDHGORA
312,HOOGHLY,109438,BANDIPUR
303,24 PARAGANAS NORTH,107832,BANDIPUR
318,MEDINIPUR WEST,110250,BANDIPUR-I
318,MEDINIPUR WEST,110251,BANDIPUR-II
306,PURBA BARDHAMAN,108517,BANDUL-I
306,PURBA BARDHAMAN,108526,BANDUL-II
321,PURULIA,110985,BANDWAN
308,COOCHBEHAR,108924,BANESWAR
313,HOWRAH,109665,BANESWARPUR-I
313,HOWRAH,109666,BANESWARPUR-II
311,DINAJPUR UTTAR,109281,BANGALBARI
313,HOWRAH,109584,BANGALPUR
304,24 PARAGANAS SOUTH,108102,BANGANAGAR-I
304,24 PARAGANAS SOUTH,108103,BANGANAGAR-II
316,MALDAH,109944,BANGITOLA
304,24 PARAGANAS SOUTH,108272,BANGOOGHLY-I
313,HOWRAH,109637,BANHARISHPUR
304,24 PARAGANAS SOUTH,108273,BANHOOGHLY-II
313,HOWRAH,109702,BANIBAN
307,BIRBHUM,108849,BANIOR
321,PURULIA,110975,BANJORA
305,BANKURA,108383,BANJORA
305,BANKURA,108471,BANKADAHA
704,PASCHIM BARDHAMAN,108598,BANKATI
318,MEDINIPUR WEST,110494,BANKIBANDH
303,24 PARAGANAS NORTH,107968,BANKRA GOKULPUR
313,HOWRAH,109605,BANKRA-I
313,HOWRAH,109606,BANKRA-II
313,HOWRAH,109607,BANKRA-III
319,MURSHIDABAD,110733,BANNYESWAR
306,PURBA BARDHAMAN,108504,BANPASH
313,HOWRAH,109649,BANPUR-I
313,HOWRAH,109650,BANPUR-II
318,MEDINIPUR WEST,110429,BANPURA
319,MURSHIDABAD,110754,BANSABATI
321,PURULIA,110976,BANSBERA
307,BIRBHUM,108918,BANSHANKA
703,Jhargram,110234,BANSPAHARI
303,24 PARAGANAS NORTH,107903,BANSPOLE
304,24 PARAGANAS SOUTH,108067,BANSRA
312,HOOGHLY,109485,BANTIKABAINCHI
313,HOWRAH,109591,BANTUL-BAIDYANATHPUR
304,24 PARAGANAS SOUTH,108151,BAPUJI
308,COOCHBEHAR,108951,BARA ATIABARI-I
308,COOCHBEHAR,108952,BARA ATIABARI-II
308,COOCHBEHAR,108953,BARA SOULMARI
307,BIRBHUM,108858,BARA-I
307,BIRBHUM,108859,BARA-II
306,PURBA BARDHAMAN,108732,BARABAINAN
321,PURULIA,110977,BARABAZAR
306,PURBA BARDHAMAN,108505,BARABELOON-I
306,PURBA BARDHAMAN,108506,BARABELOON-II
704,PASCHIM BARDHAMAN,108493,BARABONI
320,NADIA,110818,BARACHANDGHAR
306,PURBA BARDHAMAN,108584,BARADHAMAS
313,HOWRAH,109623,BARAGACHHIA-I
313,HOWRAH,109624,BARAGACHHIA-II
321,PURULIA,111003,BARAGRAM
703,Jhargram,110461,BARAKHAKRI
319,MURSHIDABAD,110734,BARALA
321,PURULIA,111043,BARAMASYA-RAMNAGAR
318,MEDINIPUR WEST,110313,BARAMURA
703,Jhargram,110462,BARANEGUI
306,PURBA BARDHAMAN,108683,BARAPALASAN-I
306,PURBA BARDHAMAN,108684,BARAPALASAN-II
308,COOCHBEHAR,108925,BARARANGRAS
308,COOCHBEHAR,108969,BARASAKDAL
307,BIRBHUM,108864,BARASAOTA
320,NADIA,110902,BARASAT
319,MURSHIDABAD,110707,BARASIMUL DAYARAMPUR
308,COOCHBEHAR,108986,BARASOULMARI
306,PURBA BARDHAMAN,108527,BARASUL-I
306,PURBA BARDHAMAN,108528,BARASUL-II
317,MEDINIPUR EAST,110081,BARATALA
307,BIRBHUM,108806,BARATURIGRAM
321,PURULIA,110969,BARAURMA
317,MEDINIPUR EAST,110120,BARGODAGODAR
303,24 PARAGANAS NORTH,107896,BARGOOM-I
321,PURULIA,111053,BARGORIA-JAMTORIA
313,HOWRAH,109676,BARGRAM
303,24 PARAGANAS NORTH,107897,BARGUM-II
317,MEDINIPUR EAST,110165,BARHAT
321,PURULIA,111054,BARI-JAGDA
317,MEDINIPUR EAST,110055,BARIDA
312,HOOGHLY,109384,BARIJHATI
305,BANKURA,108423,BARIKUL
305,BANKURA,108302,BARJORA
318,MEDINIPUR WEST,110414,BARKOLA
307,BIRBHUM,108850,BARLA
320,NADIA,110945,BARNIA
314,JALPAIGURI,109824,BARNIS
314,JALPAIGURI,109734,BAROGHARIA
317,MEDINIPUR EAST,110013,BAROJ
308,COOCHBEHAR,109018,BAROKAIMARI
308,COOCHBEHAR,109040,BAROKODALI-I
308,COOCHBEHAR,109041,BAROKODALI-II
314,JALPAIGURI,109762,BAROPATIA NUTANBOS
321,PURULIA,111110,BARRAH
307,BIRBHUM,108785,BARRAH
321,PURULIA,111030,BARRAH
307,BIRBHUM,108881,BARSHAL
305,BANKURA,108327,BARSHAL
311,DINAJPUR UTTAR,109333,BARUA
316,MALDAH,109914,BARUI
312,HOOGHLY,109525,BARUIPARAPALTAGARH
311,DINAJPUR UTTAR,109312,BARUNA
303,24 PARAGANAS NORTH,107920,BARUNHAT RAMESWARPUR
317,MEDINIPUR EAST,110071,BARUTTARHINGLI
318,MEDINIPUR WEST,110252,BASANCHORA
317,MEDINIPUR EAST,110180,BASANTAPUR
313,HOWRAH,109556,BASANTAPUR
304,24 PARAGANAS SOUTH,107997,BASANTI
317,MEDINIPUR EAST,110050,BASANTIA
312,HOOGHLY,109526,BASUBATI
317,MEDINIPUR EAST,110014,BASUDEVBERIA
317,MEDINIPUR EAST,110121,BASUDEVPUR
318,MEDINIPUR WEST,110272,BASUDEVPUR
317,MEDINIPUR EAST,110063,BASUDEVPUR
313,HOWRAH,109703,BASUDEVPUR
704,PASCHIM BARDHAMAN,108747,BASUDEVPURJEMARI
304,24 PARAGANAS SOUTH,108086,BASULDANGA
310,DINAJPUR DAKSHIN,109200,BASURIA
320,NADIA,110934,BATAI-I
312,HOOGHLY,109348,BATANAL
317,MEDINIPUR EAST,110064,BATHUARY
307,BIRBHUM,108775,BATIKAR
320,NADIA,110799,BATKULLA-I
320,NADIA,110800,BATKULLA-II
310,DINAJPUR DAKSHIN,109221,BATUN
307,BIRBHUM,108851,BAUTIA
303,24 PARAGANAS NORTH,107951,BAYERMARI-I
303,24 PARAGANAS NORTH,107952,BAYERMARI-II
303,24 PARAGANAS NORTH,107801,BAYRA
311,DINAJPUR UTTAR,109321,BAZARGAON-I
311,DINAJPUR UTTAR,109322,BAZARGAON-II
316,MALDAH,109955,BEDRABAD
304,24 PARAGANAS SOUTH,108019,BEENTA-I
304,24 PARAGANAS SOUTH,108020,BEENTA-II
321,PURULIA,110962,BEERGRAM
316,MALDAH,109956,BEERNAGAR-I
316,MALDAH,109957,BEERNAGAR-II
318,MEDINIPUR WEST,110342,BEERSINGHA
313,HOWRAH,109608,BEGARI
306,PURBA BARDHAMAN,108590,BEGPUR
304,24 PARAGANAS SOUTH,107977,BEGUMPUR
312,HOOGHLY,109385,BEGUMPUR
303,24 PARAGANAS NORTH,107845,BEGUMPUR BIBIPUR
319,MURSHIDABAD,110514,BEGUNBARI
321,PURULIA,111021,BEGUNKODAR
319,MURSHIDABAD,110619,BEHARIA
704,PASCHIM BARDHAMAN,108701,BEHULA
321,PURULIA,111031,BEKO
321,PURULIA,110970,BELA
314,JALPAIGURI,109763,BELAKOBA
313,HOWRAH,109667,BELARI
307,BIRBHUM,108776,BELATI
703,Jhargram,110226,BELATIKRI
310,DINAJPUR DAKSHIN,109201,BELBARI-I
310,DINAJPUR DAKSHIN,109202,BELBARI-II
318,MEDINIPUR WEST,110444,BELDA-I
318,MEDINIPUR WEST,110445,BELDA-II
321,PURULIA,110953,BELDIH
313,HOWRAH,109638,BELDUBI
304,24 PARAGANAS SOUTH,108142,BELEDURGANAGAR
304,24 PARAGANAS SOUTH,107978,BELEGACHHIA
320,NADIA,110928,BELGORIA-I
320,NADIA,110929,BELGORIA-II
703,Jhargram,110352,BELIABERA
305,BANKURA,108303,BELIATORE
306,PURBA BARDHAMAN,108518,BELKASH
321,PURULIA,111095,BELMA
312,HOOGHLY,109402,BELMURI
311,DINAJPUR UTTAR,109256,BELON
312,HOOGHLY,109486,BELOONDHAMASIN
703,Jhargram,110235,BELPAHARI
304,24 PARAGANAS SOUTH,108163,BELPUKUR
320,NADIA,110870,BELPUKUR
304,24 PARAGANAS SOUTH,108104,BELSINGHA-I
304,24 PARAGANAS SOUTH,108105,BELSINGHA-II
305,BANKURA,108472,BELSULIA
305,BANKURA,108404,BELUT-RASULPUR
318,MEDINIPUR WEST,110314,BENACHAPRA
318,MEDINIPUR WEST,110282,BENAI
312,HOOGHLY,109429,BENGAI
319,MURSHIDABAD,110612,BENIAGRAM
317,MEDINIPUR EAST,110002,BENUDIA
303,24 PARAGANAS NORTH,107904,BERABERI
312,HOOGHLY,109527,BERABERI
303,24 PARAGANAS NORTH,107779,BERABERIA
303,24 PARAGANAS NORTH,107871,BERACHAMPA-I
303,24 PARAGANAS NORTH,107872,BERACHAMPA-II
321,PURULIA,110978,BERADA
703,Jhargram,110463,BERAJAL
312,HOOGHLY,109487,BERELAKONCHMALI
306,PURBA BARDHAMAN,108480,BERENDA
303,24 PARAGANAS NORTH,107959,BERMAJUR-I
303,24 PARAGANAS NORTH,107960,BERMAJUR-II
321,PURULIA,111105,BERO
310,DINAJPUR DAKSHIN,109230,BEROIL
306,PURBA BARDHAMAN,108635,BERUGRAM
306,PURBA BARDHAMAN,108560,BERUGRAM
306,PURBA BARDHAMAN,108629,BERUGRAM
320,NADIA,110935,BETAI-II
320,NADIA,110885,BETHUADAHARI-I
320,NADIA,110886,BETHUADAHARI-II
317,MEDINIPUR EAST,110100,BETKUNDU
320,NADIA,110801,BETNA GOBINDAPUR
319,MURSHIDABAD,110613,BEWA-I
319,MURSHIDABAD,110614,BEWA-II
318,MEDINIPUR WEST,110296,BHABANIPUR
307,BIRBHUM,108875,BHABANIPUR
313,HOWRAH,109682,BHABANIPUR BIDHICHANDRAPUR
303,24 PARAGANAS NORTH,107921,BHABANIPUR-I
303,24 PARAGANAS NORTH,107922,BHABANIPUR-II
319,MURSHIDABAD,110515,BHABTA-I
319,MURSHIDABAD,110516,BHABTA-II
316,MALDAH,109978,BHABUK
316,MALDAH,109985,BHADO
307,BIRBHUM,108860,BHADRAPUR-I
307,BIRBHUM,108861,BHADRAPUR-II
312,HOOGHLY,109421,BHADUR
304,24 PARAGANAS SOUTH,108094,BHADURA HARIDAS
321,PURULIA,110979,BHAGABANDH
316,MALDAH,109863,BHAGABANPUR
316,MALDAH,109958,BHAGABANPUR
318,MEDINIPUR WEST,110253,BHAGABANTAPUR-I
318,MEDINIPUR WEST,110254,BHAGABANTAPUR-II
312,HOOGHLY,109375,BHAGABATIPUR
319,MURSHIDABAD,110561,BHAGAWANGOLA
304,24 PARAGANAS SOUTH,108021,BHAGAWANPUR
319,MURSHIDABAD,110598,BHAGIRATHPUR
317,MEDINIPUR EAST,110003,BHAGWANPUR
317,MEDINIPUR EAST,110039,BHAJACHAULIA
320,NADIA,110851,BHAJANGHAT TUNGI
316,MALDAH,109870,BHAKRI
305,BANKURA,108328,BHAKTABUNDH
319,MURSHIDABAD,110538,BHAKURI-I
319,MURSHIDABAD,110539,BHAKURI-II
317,MEDINIPUR EAST,110132,BHAKUTIA
321,PURULIA,111044,BHALUBASA
306,PURBA BARDHAMAN,108645,BHALUGRAM
320,NADIA,110859,BHALUKA
702,KALIMPONG,261000,BHALUKHOP
321,PURULIA,111059,BHAMURIA
311,DINAJPUR UTTAR,109313,BHANDAR
313,HOWRAH,109557,BHANDARGACHHA
312,HOOGHLY,109403,BHANDARHATI-I
312,HOOGHLY,109404,BHANDARHATI-II
304,24 PARAGANAS SOUTH,108030,BHANDARIA KASTEKUMARI
320,NADIA,110860,BHANDARKHOLA
321,PURULIA,111086,BHANDARPUARA-CHIPIDA
312,HOOGHLY,109513,BHANGAMORA
321,PURULIA,111096,BHANGRA
312,HOOGHLY,109546,BHANJIPUR
308,COOCHBEHAR,109042,BHANUKUMARI-I
308,COOCHBEHAR,109043,BHANUKUMARI-II
305,BANKURA,108473,BHARA
304,24 PARAGANAS SOUTH,107998,BHARATGARH
318,MEDINIPUR WEST,110297,BHARATPUR
319,MURSHIDABAD,110571,BHARATPUR
307,BIRBHUM,108822,BHARKATA
319,MURSHIDABAD,110743,BHASAIPAIKAR
312,HOOGHLY,109405,BHASTARA
306,PURBA BARDHAMAN,108507,BHATAR
664,Alipurduar,109721,BHATIBARI
320,NADIA,110861,BHATJUNGLA
313,HOWRAH,109567,BHATORA
311,DINAJPUR UTTAR,109334,BHATUN
308,COOCHBEHAR,109019,BHAWERTHANA
303,24 PARAGANAS NORTH,107923,BHEBIA
305,BANKURA,108341,BHEDUASOLE
703,Jhargram,110236,BHELAIDIHA
318,MEDINIPUR WEST,110482,BHEMUA
308,COOCHBEHAR,108954,BHETAGURI-I
308,COOCHBEHAR,108955,BHETAGURI-II
318,MEDINIPUR WEST,110495,BHIMPUR
320,NADIA,110862,BHIMPUR
316,MALDAH,109915,BHINGOLE
304,24 PARAGANAS SOUTH,108022,BHOGALI-I
304,24 PARAGANAS SOUTH,108023,BHOGALI-II
317,MEDINIPUR EAST,110088,BHOGPUR
308,COOCHBEHAR,109006,BHOTBARI
310,DINAJPUR DAKSHIN,109222,BHOUR
307,BIRBHUM,108901,BHROMORKOL
703,Jhargram,110237,BHULAVEDA
306,PURBA BARDHAMAN,108549,BHUNRI
307,BIRBHUM,108911,BHURKUNA
303,24 PARAGANAS NORTH,107905,BHURKUNDA
307,BIRBHUM,108823,BHUTURA
305,BANKURA,108462,BIBARDA
317,MEDINIPUR EAST,110004,BIBHISANPUR
704,PASCHIM BARDHAMAN,108599,BIDBEHAR
314,JALPAIGURI,109818,BIDHANNAGAR
309,DARJEELING,109165,BIDHANNAGAR-I
309,DARJEELING,109166,BIDHANNAGAR-II
311,DINAJPUR UTTAR,109257,BIDYANANDAPUR
312,HOOGHLY,109528,BIGHATI
309,DARJEELING,260950,BIJANBARI-PULBAZAR
306,PURBA BARDHAMAN,108685,BIJUR-I
306,PURBA BARDHAMAN,108686,BIJUR-II
313,HOWRAH,109639,BIKIHAKOLA
305,BANKURA,108295,BIKNA
305,BANKURA,108444,BIKRAMPUR
305,BANKURA,108438,BIKRAMPUR
320,NADIA,110887,BIKRAMPUR
316,MALDAH,109986,BILAIMARI
319,MURSHIDABAD,110663,BILBORAKOPRA
303,24 PARAGANAS NORTH,107833,BILKANDA-I
303,24 PARAGANAS NORTH,107834,BILKANDA-II
320,NADIA,110888,BILKUMARI
306,PURBA BARDHAMAN,108620,BILLESWAR
320,NADIA,110889,BILLWAGRAM
306,PURBA BARDHAMAN,108481,BILWAGRAM
311,DINAJPUR UTTAR,109335,BINDOLE
313,HOWRAH,109568,BINLA KRISHNABATI
309,DARJEELING,109130,BINNABARI
314,JALPAIGURI,109735,BINNAGURI
314,JALPAIGURI,109844,BINNAGURI
316,MALDAH,109878,BINODPUR
703,Jhargram,110227,BINPUR
310,DINAJPUR DAKSHIN,109216,BINSHIRA
304,24 PARAGANAS SOUTH,108118,BIPRADASPUR
319,MURSHIDABAD,110584,BIPRASEKHAR
307,BIRBHUM,108794,BIPRATIKURI
317,MEDINIPUR EAST,110075,BIRBANDAR
311,DINAJPUR UTTAR,109336,BIRGHOI
320,NADIA,110809,BIROHI-I
320,NADIA,110810,BIROHI-II
664,Alipurduar,109797,BIRPARA-I
664,Alipurduar,109798,BIRPARA-II
320,NADIA,110890,BIRPUR-I
320,NADIA,110891,BIRPUR-II
305,BANKURA,108405,BIRSINGHA
317,MEDINIPUR EAST,110144,BIRULIA
317,MEDINIPUR EAST,110214,BISHNUBAR-I
317,MEDINIPUR EAST,110215,BISHNUBAR-II
318,MEDINIPUR WEST,110483,BISHNUPUR
318,MEDINIPUR WEST,110496,BISHNUPUR
307,BIRBHUM,108889,BISHNUPUR
311,DINAJPUR UTTAR,109282,BISHNUPUR
303,24 PARAGANAS NORTH,107928,BISHPUR
321,PURULIA,111045,BISRI
303,24 PARAGANAS NORTH,107969,BITHARI HAKIMPUR
305,BANKURA,108406,BIUR-BETUR
310,DINAJPUR DAKSHIN,109184,BOALDAR
314,JALPAIGURI,109764,BOALMARI-NANDANPUR
311,DINAJPUR UTTAR,109314,BOCHADANGA
303,24 PARAGANAS NORTH,107780,BODAI
304,24 PARAGANAS SOUTH,108009,BODRA
319,MURSHIDABAD,110744,BOGDADNAGAR
306,PURBA BARDHAMAN,108706,BOGPUR
306,PURBA BARDHAMAN,108687,BOHAR-I
306,PURBA BARDHAMAN,108688,BOHAR-II
319,MURSHIDABAD,110735,BOKHARA-I
319,MURSHIDABAD,110736,BOKHARA-II
306,PURBA BARDHAMAN,108508,BOLGONA
310,DINAJPUR DAKSHIN,109185,BOLLA
304,24 PARAGANAS SOUTH,108087,BOLSIDDHI KALINAGAR
702,KALIMPONG,261001,BONG
307,BIRBHUM,108882,BONHAT
312,HOOGHLY,109529,BORA
312,HOOGHLY,109530,BORAIPAHALAMPUR
321,PURULIA,111055,BOROJARAGARA
321,PURULIA,111068,BOWRIDIH
308,COOCHBEHAR,108979,BOXIGANJ
317,MEDINIPUR EAST,110145,BOYAL-I
317,MEDINIPUR EAST,110146,BOYAL-II
305,BANKURA,108342,BRAHMANDIHA
308,COOCHBEHAR,109014,BRAHMOTTAR-CHATRA
310,DINAJPUR DAKSHIN,109194,BRAJABALLAVPUR
304,24 PARAGANAS SOUTH,108250,BRAJABALLAVPUR
317,MEDINIPUR EAST,110021,BRAJALALCHAK
317,MEDINIPUR EAST,110166,BRAJALALPUR
305,BANKURA,108343,BRAJARAJPUR
317,MEDINIPUR EAST,110089,BRINDABANCHAK
305,BANKURA,108304,BRINDABANPUR
317,MEDINIPUR EAST,110022,BRINDABANPUR-I
317,MEDINIPUR EAST,110023,BRINDABANPUR-II
304,24 PARAGANAS SOUTH,107979,BRINDAKHALI
320,NADIA,110787,BRITTIHUDA
306,PURBA BARDHAMAN,108539,BUDBUD
304,24 PARAGANAS SOUTH,108241,BUDHAKHALI
307,BIRBHUM,108890,BUDHIGRAM
316,MALDAH,109906,BULBULCHANDI
309,DARJEELING,109131,BURAGANJ
318,MEDINIPUR WEST,110484,BURAL
321,PURULIA,110963,BURDA-KALIMATI
321,PURULIA,111056,BURIBANDH
308,COOCHBEHAR,108970,BURIRHAT-I
308,COOCHBEHAR,108971,BURIRHAT-II
304,24 PARAGANAS SOUTH,108056,BURUL
319,MURSHIDABAD,110585,BURWAN-I
319,MURSHIDABAD,110586,BURWAN-II
304,24 PARAGANAS SOUTH,108050,BUTA
317,MEDINIPUR EAST,110122,BYABATTARHATPASCHIM
317,MEDINIPUR EAST,110123,BYABATTARHATPURBA
319,MURSHIDABAD,110745,CHACHANDA
311,DINAJPUR UTTAR,109283,CHAINAGAR
318,MEDINIPUR WEST,110283,CHAIPAT
303,24 PARAGANAS NORTH,107939,CHAITAL
317,MEDINIPUR EAST,110207,CHAITANYAPUR
317,MEDINIPUR EAST,110149,CHAITANYAPUR-I
319,MURSHIDABAD,110517,CHAITANYAPUR-I
317,MEDINIPUR EAST,110150,CHAITANYAPUR-II
319,MURSHIDABAD,110518,CHAITANYAPUR-II
304,24 PARAGANAS SOUTH,108040,CHAK ENAYETNAGAR
321,PURULIA,111087,CHAKALTORE
308,COOCHBEHAR,108926,CHAKCHAKA
306,PURBA BARDHAMAN,108561,CHAKDIGHI
320,NADIA,110863,CHAKDIGNAGAR
317,MEDINIPUR EAST,110072,CHAKDWIPA
318,MEDINIPUR WEST,110259,CHAKISMAILPUR
303,24 PARAGANAS NORTH,107873,CHAKLA
318,MEDINIPUR WEST,110420,CHAKMAKAMPUR
304,24 PARAGANAS SOUTH,108057,CHAKMANIK
316,MALDAH,109892,CHAKNAGAR
664,Alipurduar,109711,CHAKOWAKHETI
313,HOWRAH,109598,CHAKPARA ANANDANAGAR
317,MEDINIPUR EAST,110124,CHAKSHIMULIA
306,PURBA BARDHAMAN,108540,CHAKTENTUL
311,DINAJPUR UTTAR,109258,CHAKULIA
310,DINAJPUR DAKSHIN,109186,CHAKVRIGU
310,DINAJPUR DAKSHIN,109203,CHALOON
304,24 PARAGANAS SOUTH,108024,CHALTABERIA
304,24 PARAGANAS SOUTH,108131,CHALTABERIA
317,MEDINIPUR EAST,110051,CHALTI
304,24 PARAGANAS SOUTH,108106,CHALUARI
312,HOOGHLY,109547,CHAMPADANGA
314,JALPAIGURI,109841,CHAMPAGURI
304,24 PARAGANAS SOUTH,107980,CHAMPAHATI
303,24 PARAGANAS NORTH,107940,CHAMPALI
303,24 PARAGANAS NORTH,107846,CHAMPAPUKUR
309,DARJEELING,109149,CHAMPASARI
303,24 PARAGANAS NORTH,107874,CHAMPATALA
313,HOWRAH,109599,CHAMRAIL
308,COOCHBEHAR,109015,CHAMTA
314,JALPAIGURI,109736,CHAMURCHI
306,PURBA BARDHAMAN,108646,CHANAK
316,MALDAH,109864,CHANCHOL
703,Jhargram,110464,CHANDABILLA
308,COOCHBEHAR,108936,CHANDAMARI
304,24 PARAGANAS SOUTH,108010,CHANDANESWAR-I
304,24 PARAGANAS SOUTH,108011,CHANDANESWAR-II
312,HOOGHLY,109439,CHANDANPUR
320,NADIA,110936,CHANDERGHAT
304,24 PARAGANAS SOUTH,108041,CHANDI
307,BIRBHUM,108865,CHANDIDASNANOOR
303,24 PARAGANAS NORTH,107781,CHANDIGARH
303,24 PARAGANAS NORTH,107817,CHANDIGARH-ROHANDA
304,24 PARAGANAS SOUTH,108164,CHANDIPUR
303,24 PARAGANAS NORTH,107788,CHANDIPUR
313,HOWRAH,109694,CHANDIPUR
312,HOOGHLY,109386,CHANDITALA
316,MALDAH,109987,CHANDMONI-I
316,MALDAH,109988,CHANDMONI-II
303,24 PARAGANAS NORTH,107883,CHANDPARA
303,24 PARAGANAS NORTH,107945,CHANDPUR
316,MALDAH,109857,CHANDPUR
319,MURSHIDABAD,110693,CHANDPUR
304,24 PARAGANAS SOUTH,108211,CHANDPUR
321,PURULIA,111077,CHANDRA
318,MEDINIPUR WEST,110430,CHANDRA
321,PURULIA,111046,CHANDRA-PAIRACHALI
313,HOWRAH,109592,CHANDRABHAG
312,HOOGHLY,109393,CHANDRAHATI-I
312,HOOGHLY,109394,CHANDRAHATI-II
316,MALDAH,109871,CHANDRAPARA
307,BIRBHUM,108876,CHANDRAPUR
313,HOWRAH,109558,CHANDRAPUR
703,Jhargram,110465,CHANDRAREKHA
703,Jhargram,110378,CHANDRI
320,NADIA,110768,CHANDURIA-I
320,NADIA,110769,CHANDURIA-II
314,JALPAIGURI,109807,CHANGMARI
308,COOCHBEHAR,109007,CHANGRABANDHA
318,MEDINIPUR WEST,110421,CHANGUAL
314,JALPAIGURI,109808,CHAPADANGA
664,Alipurduar,109722,CHAPORER PAR-I
664,Alipurduar,109723,CHAPORER PAR-II
320,NADIA,244953,CHAPRA-I
320,NADIA,110788,CHAPRA-II
313,HOWRAH,109640,CHARA-PANCHLA
304,24 PARAGANAS SOUTH,107999,CHARABIDYA
303,24 PARAGANAS NORTH,107970,CHARGHAT
316,MALDAH,109959,CHARIANANTAPUR
307,BIRBHUM,108824,CHARICHA
307,BIRBHUM,108866,CHARKALGRAM
312,HOOGHLY,109362,CHARKRISHNABATI
320,NADIA,110878,CHARMAJDIA CHARBRAHMANAGAR
309,DARJEELING,109167,CHATHAT-BANSGAON
307,BIRBHUM,108833,CHATRA
317,MEDINIPUR EAST,110056,CHATRI
304,24 PARAGANAS SOUTH,108285,CHATTA
321,PURULIA,110954,CHATUHANSA
321,PURULIA,110993,CHATUMADAR
307,BIRBHUM,108795,CHAUHATTA-MAHODARI-I
307,BIRBHUM,108796,CHAUHATTA-MAHODARI-II
317,MEDINIPUR EAST,110024,CHAUKHALI
318,MEDINIPUR WEST,110485,CHAULKURI
303,24 PARAGANAS NORTH,107875,CHAURASI
303,24 PARAGANAS NORTH,107856,CHAWBERIA-I
303,24 PARAGANAS NORTH,107857,CHAWBERIA-II
321,PURULIA,111022,CHEKYA
321,PURULIA,111111,CHELIAMA
309,DARJEELING,261047,CHENGA PANIGHATA
664,Alipurduar,109785,CHENGAMARI
319,MURSHIDABAD,110540,CHHAIGHARI
303,24 PARAGANAS NORTH,107858,CHHAIGHORIA
305,BANKURA,108305,CHHANDAR
321,PURULIA,111097,CHHARRADUMDUMI
305,BANKURA,108314,CHHATNA-I
305,BANKURA,108315,CHHATNA-II
303,24 PARAGANAS NORTH,107789,CHHATRA
703,Jhargram,110505,CHHATRI
311,DINAJPUR UTTAR,109299,CHHAYGHARA
320,NADIA,110937,CHHITKA
704,PASCHIM BARDHAMAN,108702,CHHORA
304,24 PARAGANAS SOUTH,108119,CHHOTA MOLLAKHALI
303,24 PARAGANAS NORTH,107808,CHHOTO JAGULIA
308,COOCHBEHAR,109020,CHHOTOSALBARI
312,HOOGHLY,109514,CHILADANGI
308,COOCHBEHAR,109031,CHILKHANA-I
308,COOCHBEHAR,109032,CHILKHANA-II
703,Jhargram,110366,CHILKIGARH
308,COOCHBEHAR,108937,CHILKIRHAT
305,BANKURA,108439,CHILTORE
309,DARJEELING,261032,CHIMNEY-DEORALI
305,BANKURA,108316,CHINABARI
703,Jhargram,110367,CHINCHRA
704,PASCHIM BARDHAMAN,108571,CHINCHURIA
305,BANKURA,108387,CHINGANI
310,DINAJPUR DAKSHIN,109187,CHINGISHPUR
312,HOOGHLY,109474,CHINGRA
304,24 PARAGANAS SOUTH,108051,CHINGRIPOTA
307,BIRBHUM,108766,CHINPAI
321,PURULIA,110986,CHIRUDIH
321,PURULIA,111078,CHIRUDIHI
317,MEDINIPUR EAST,110167,CHISTIPUR-I
317,MEDINIPUR EAST,110168,CHISTIPUR-II
303,24 PARAGANAS NORTH,107847,CHITA
321,PURULIA,111023,CHITMU
319,MURSHIDABAD,110620,CHOA
319,MURSHIDABAD,110629,CHOAPARA
311,DINAJPUR UTTAR,109248,CHOPRA
703,Jhargram,110353,CHORCHITA
321,PURULIA,111106,CHORPAHARI
308,COOCHBEHAR,108972,CHOWDHURIHAT
316,MALDAH,109967,CHOWKI MIRDADPUR
664,Alipurduar,109774,CHUAPARA
703,Jhargram,110379,CHUBKA
304,24 PARAGANAS SOUTH,108000,CHUNAKHALI
309,DARJEELING,260951,CHUNGTONG
304,24 PARAGANAS SOUTH,108143,CHUPRIJHARA
314,JALPAIGURI,109825,CHURABHANDAR
305,BANKURA,108388,CHURAMONIPUR
704,PASCHIM BARDHAMAN,108572,CHURULIA
311,DINAJPUR UTTAR,109249,CHUTIAKHORE
314,JALPAIGURI,109845,DABGRAM-I
314,JALPAIGURI,109846,DABGRAM-II
307,BIRBHUM,108807,DABUK
309,DARJEELING,260952,DADAIPANI
303,24 PARAGANAS NORTH,107818,DADPUR
312,HOOGHLY,109504,DADPUR
319,MURSHIDABAD,110529,DADPUR
319,MURSHIDABAD,110701,DAFARPUR
305,BANKURA,108368,DAHALA
319,MURSHIDABAD,110674,DAHAPARA
703,Jhargram,110228,DAHIJURI
307,BIRBHUM,108883,DAKHALBATI
308,COOCHBEHAR,108980,DAKSHIN BARA HALDIBARI
304,24 PARAGANAS SOUTH,108132,DAKSHIN BARASAT
304,24 PARAGANAS SOUTH,108212,DAKSHIN BISHNUPUR
316,MALDAH,109968,DAKSHIN CHANDIPUR
304,24 PARAGANAS SOUTH,108251,DAKSHIN GANGADHARPUR
304,24 PARAGANAS SOUTH,108031,DAKSHIN GAURIPUR CHAKDHIR
313,HOWRAH,109609,DAKSHIN JHAPARDAHA
304,24 PARAGANAS SOUTH,108221,DAKSHIN LAKSHMINARAYANPUR
304,24 PARAGANAS SOUTH,108252,DAKSHIN RAIPUR
313,HOWRAH,109651,DAKSHIN SANKRAIL
307,BIRBHUM,108808,DAKSHINGRAM
704,PASCHIM BARDHAMAN,108693,DAKSHINKHANDA
317,MEDINIPUR EAST,110125,DAKSHINNARIKELDA
320,NADIA,110802,DAKSHINPARA-I
320,NADIA,110803,DAKSHINPARA-II
702,KALIMPONG,261019,DALAPCHAND
321,PURULIA,110994,DALDALI
664,Alipurduar,109748,DALGAON
702,KALIMPONG,260973,DALIM
311,DINAJPUR UTTAR,109323,DALKHOLA-I
664,Alipurduar,109775,DALSING PARA
306,PURBA BARDHAMAN,108675,DALUIBAZAR-I
306,PURBA BARDHAMAN,108676,DALUIBAZAR-II
310,DINAJPUR DAKSHIN,109204,DAMDAMA
314,JALPAIGURI,109809,DAMDIM
310,DINAJPUR DAKSHIN,109188,DANGA
319,MURSHIDABAD,110675,DANGAPARA
318,MEDINIPUR WEST,110486,DANRRA
318,MEDINIPUR WEST,110260,DANTAN-I
318,MEDINIPUR WEST,110261,DANTAN-II
321,PURULIA,110971,DARDA
304,24 PARAGANAS SOUTH,108068,DARIA
317,MEDINIPUR EAST,110052,DARIYAPUR
309,DARJEELING,260953,DARJEELING-I
309,DARJEELING,260954,DARJEELING-II
312,HOOGHLY,109406,DASHGHARA-I
312,HOOGHLY,109407,DASHGHARA-II
318,MEDINIPUR WEST,110487,DASHGRAM
307,BIRBHUM,108867,DASKALGRAM-KAREYA-I
307,BIRBHUM,108868,DASKALGRAM-KAREYA-II
307,BIRBHUM,108814,DASPALSA
311,DINAJPUR UTTAR,109250,DASPARA
318,MEDINIPUR WEST,110273,DASPUR-I
318,MEDINIPUR WEST,110274,DASPUR-II
303,24 PARAGANAS NORTH,107809,DATTAPUKUR-I
303,24 PARAGANAS NORTH,107810,DATTAPUKUR-II
308,COOCHBEHAR,108938,DAUAGURI
317,MEDINIPUR EAST,110133,DAUDPUR
319,MURSHIDABAD,110541,DAULATABAD
316,MALDAH,109921,DAULATPUR
320,NADIA,110915,DEBAGRAM
320,NADIA,110819,DEBAGRAM
312,HOOGHLY,109395,DEBANANDAPUR
317,MEDINIPUR EAST,110040,DEBENDRA
318,MEDINIPUR WEST,110497,DEBGRAM
318,MEDINIPUR WEST,110488,DEBHOG
317,MEDINIPUR EAST,110073,DEBHOG
304,24 PARAGANAS SOUTH,108107,DEBIPUR
319,MURSHIDABAD,110630,DEBIPUR
316,MALDAH,109989,DEBIPUR
313,HOWRAH,109683,DEBIPUR
304,24 PARAGANAS SOUTH,108222,DEBIPUR
306,PURBA BARDHAMAN,108677,DEBIPUR
319,MURSHIDABAD,110519,DEBKUNDU
318,MEDINIPUR WEST,110298,DEBRA-I
318,MEDINIPUR WEST,110299,DEBRA-II
306,PURBA BARDHAMAN,108487,DEBSHALA
303,24 PARAGANAS NORTH,107876,DEGANGA-I
303,24 PARAGANAS NORTH,107877,DEGANGA-II
704,PASCHIM BARDHAMAN,108748,DENDUA
306,PURBA BARDHAMAN,108662,DENUR
308,COOCHBEHAR,108939,DEOANHAT
308,COOCHBEHAR,109033,DEOCHARAI
664,Alipurduar,109749,DEOGAON
321,PURULIA,111069,DEOLI
310,DINAJPUR DAKSHIN,109223,DEOR
316,MALDAH,109893,DEOTALA
317,MEDINIPUR EAST,110190,DEPAL
304,24 PARAGANAS SOUTH,108088,DERAK
317,MEDINIPUR EAST,110090,DERIACHAK
307,BIRBHUM,108902,DERIAPUR
317,MEDINIPUR EAST,110065,DESHBANDHU
305,BANKURA,108374,DESRA-KOALPARA
307,BIRBHUM,108825,DEUCHA
310,DINAJPUR DAKSHIN,109231,DEUL
304,24 PARAGANAS SOUTH,108176,DEULBARI DEBIPUR
304,24 PARAGANAS SOUTH,108078,DEULI-I
304,24 PARAGANAS SOUTH,108079,DEULI-II
317,MEDINIPUR EAST,110074,DEULPOTA
313,HOWRAH,109641,DEULPUR
318,MEDINIPUR WEST,110343,DEWANCHAK-I
318,MEDINIPUR WEST,110344,DEWANCHAK-II
308,COOCHBEHAR,108981,DEWANGANJ
319,MURSHIDABAD,110664,DEWANSARAI
320,NADIA,110770,DEWLI
320,NADIA,110864,DEYPARA
305,BANKURA,108317,DHABAN
304,24 PARAGANAS SOUTH,108263,DHABLAT
318,MEDINIPUR WEST,110315,DHADIKA
321,PURULIA,110987,DHADKA
318,MEDINIPUR WEST,110401,DHALHARA
317,MEDINIPUR EAST,110198,DHALHARA
308,COOCHBEHAR,109034,DHALPAL-I
308,COOCHBEHAR,109035,DHALPAL-II
310,DINAJPUR DAKSHIN,109217,DHALPARA
304,24 PARAGANAS SOUTH,108197,DHAMUA DAKSHIN
304,24 PARAGANAS SOUTH,108198,DHAMUA UTTAR
320,NADIA,110892,DHANANJAYPUR
305,BANKURA,108369,DHANARA
305,BANKURA,108412,DHANARA
321,PURULIA,111047,DHANARAH
313,HOWRAH,109668,DHANDALI
312,HOOGHLY,109408,DHANEKHALI-I
312,HOOGHLY,109409,DHANEKHALI-II
318,MEDINIPUR WEST,110471,DHANESWARPUR
316,MALDAH,109872,DHANGARA-BISHANPUR
308,COOCHBEHAR,108927,DHANGDHINGURI
703,Jhargram,110506,DHANGHORI
664,Alipurduar,109750,DHANIRAMPUR-I
664,Alipurduar,109751,DHANIRAMPUR-II
311,DINAJPUR UTTAR,109315,DHANKOIL
304,24 PARAGANAS SOUTH,108199,DHANPOTA
305,BANKURA,108451,DHANSIMLA
304,24 PARAGANAS SOUTH,108213,DHANURHAT
312,HOOGHLY,109475,DHANYAGORI
303,24 PARAGANAS NORTH,107848,DHANYAKURIA
304,24 PARAGANAS SOUTH,107981,DHAPDHAPI-I
304,24 PARAGANAS SOUTH,107982,DHAPDHAPI-II
303,24 PARAGANAS NORTH,107859,DHARAM PUKURIA
319,MURSHIDABAD,110621,DHARAMPUR
703,Jhargram,110229,DHARAMPUR
307,BIRBHUM,108777,DHARAMPUR
316,MALDAH,109969,DHARAMPUR
311,DINAJPUR UTTAR,109267,DHARAMPUR-I
311,DINAJPUR UTTAR,109268,DHARAMPUR-II
320,NADIA,110893,DHARMADA
314,JALPAIGURI,109826,DHARMAPUR
303,24 PARAGANAS NORTH,107884,DHARMAPUR-I
303,24 PARAGANAS NORTH,107885,DHARMAPUR-II
703,Jhargram,110368,DHARSA
304,24 PARAGANAS SOUTH,108264,DHASPARA SUMATINAGAR-I
304,24 PARAGANAS SOUTH,108265,DHASPARA SUMATINAGAR-II
306,PURBA BARDHAMAN,108591,DHATRIGRAM
307,BIRBHUM,108815,DHEKA
305,BANKURA,108431,DHEKIA
305,BANKURA,108413,DHEKO
321,PURULIA,110980,DHELATBAMU
318,MEDINIPUR WEST,110431,DHERUA
317,MEDINIPUR EAST,110053,DHOBABERIA
304,24 PARAGANAS SOUTH,108165,DHOLA
309,DARJEELING,260983,DHOOTRIA KALEJ VALLEY
320,NADIA,110841,DHORADAHA-I
320,NADIA,110842,DHORADAHA-II
304,24 PARAGANAS SOUTH,108133,DHOSA CHANDANESWAR
320,NADIA,110871,DHUBULIA-I
320,NADIA,110872,DHUBULIA-II
313,HOWRAH,109652,DHULAGARI
305,BANKURA,108452,DHULAI
313,HOWRAH,109695,DHULASIMLA
319,MURSHIDABAD,110599,DHULAURI
316,MALDAH,109907,DHUMPUR
303,24 PARAGANAS NORTH,107941,DHUTURDAHA
317,MEDINIPUR EAST,110025,DIBAKARPUR
304,24 PARAGANAS SOUTH,108253,DIGAMBARPUR
321,PURULIA,111060,DIGHA
320,NADIA,110843,DIGHAL KANDI
305,BANKURA,108351,DIGHALGRAM
303,24 PARAGANAS NORTH,107906,DIGHARA MALIKBERIA
303,24 PARAGANAS NORTH,107860,DIGHARI
321,PURULIA,111057,DIGHI
304,24 PARAGANAS SOUTH,108069,DIGHIRPAR
304,24 PARAGANAS SOUTH,108230,DIGHIRPAR-BAKULTALA
320,NADIA,110865,DIGNAGAR
306,PURBA BARDHAMAN,108482,DIGNAGAR-I
306,PURBA BARDHAMAN,108483,DIGNAGAR-II
312,HOOGHLY,109396,DIGSUIHOYERA
312,HOOGHLY,109515,DIHIBADPUR
304,24 PARAGANAS SOUTH,108200,DIHIKALAS
313,HOWRAH,109677,DIHIMONDALGHAT-I
313,HOWRAH,109678,DIHIMONDALGHAT-II
305,BANKURA,108453,DIHIPARA
312,HOOGHLY,109452,DILAKASH
321,PURULIA,111088,DIMDIHA
313,HOWRAH,109669,DINGAKHOLA
308,COOCHBEHAR,108956,DINHATA VILL-I
308,COOCHBEHAR,108957,DINHATA VILL-II
704,PASCHIM BARDHAMAN,108573,DOBRANA
319,MURSHIDABAD,110746,DOGACHHI NAPARA
306,PURBA BARDHAMAN,108707,DOGACHHIA
320,NADIA,110894,DOGACHHIA
320,NADIA,110866,DOGACHI
307,BIRBHUM,108919,DOMDAMA
313,HOWRAH,109610,DOMJUR
704,PASCHIM BARDHAMAN,108494,DOMOHANI
311,DINAJPUR UTTAR,109324,DOMOHONA
314,JALPAIGURI,109827,DOMOHONI-I
314,JALPAIGURI,109828,DOMOHONI-II
304,24 PARAGANAS SOUTH,108058,DONGARIA RAIPUR
316,MALDAH,109922,DOULATNAGAR
702,KALIMPONG,261002,DR. GRAHAMS HOMES
318,MEDINIPUR WEST,110300,DUAN-I
318,MEDINIPUR WEST,110301,DUAN-II
317,MEDINIPUR EAST,110066,DUBDA
321,PURULIA,111070,DUBRA
320,NADIA,110771,DUBRA
703,Jhargram,110369,DUBRA
305,BANKURA,108445,DUBRAJPUR
318,MEDINIPUR WEST,110284,DUDHKOMRA
703,Jhargram,110380,DUDHKUNDI
313,HOWRAH,109653,DUILA
317,MEDINIPUR EAST,110032,DULALPUR
303,24 PARAGANAS NORTH,107929,DULDULI
303,24 PARAGANAS NORTH,107886,DUMA
312,HOOGHLY,109363,DUMURDAHANITYANANDAPUR-I
312,HOOGHLY,109364,DUMURDAHANITYANANDAPUR-II
307,BIRBHUM,108834,DUMURGRAM
305,BANKURA,108414,DUNDAR
702,KALIMPONG,261003,DUNGRA
307,BIRBHUM,108891,DUNIGRAM
309,DARJEELING,261048,DUPTIN
304,24 PARAGANAS SOUTH,108254,DURBACHATI
303,24 PARAGANAS NORTH,107961,DURGAMANDOP
306,PURBA BARDHAMAN,108678,DURGAPUR
311,DINAJPUR UTTAR,109300,DURGAPUR
304,24 PARAGANAS SOUTH,108012,DURGAPUR
313,HOWRAH,109600,DURGAPUR ABHAYNAGAR-I
313,HOWRAH,109601,DURGAPUR ABHAYNAGAR-II
321,PURULIA,111089,DURKU
311,DINAJPUR UTTAR,109301,DURLOVPUR
317,MEDINIPUR EAST,110041,DURMUTH
320,NADIA,110916,DUTTAFULIA
307,BIRBHUM,108797,DWARAKA
312,HOOGHLY,109440,DWARHATTA
305,BANKURA,108474,DWARIKA-GOSSAINPUR
310,DINAJPUR DAKSHIN,109239,DWIPKHANDA
704,PASCHIM BARDHAMAN,108741,EGRA
304,24 PARAGANAS SOUTH,108185,EKTARA
312,HOOGHLY,109365,EKTARPUR
310,DINAJPUR DAKSHIN,109195,ELLAHABAD
318,MEDINIPUR WEST,110402,ENAYETPUR
316,MALDAH,109970,ENAYETPUR
306,PURBA BARDHAMAN,108488,ERAL
703,Jhargram,110238,ERGODA
319,MURSHIDABAD,110650,EROALI
306,PURBA BARDHAMAN,108509,ERUAR
704,PASCHIM BARDHAMAN,108749,ETHORA
320,NADIA,110879,FAKIRDANGA GHOLAPARA
664,Alipurduar,109753,FALAKATA-II
308,COOCHBEHAR,109044,FALIMARI
308,COOCHBEHAR,108940,FALMARI
304,24 PARAGANAS SOUTH,108108,FALTA
303,24 PARAGANAS NORTH,107819,FALTI BELIAGHATA
320,NADIA,110820,FARIDPUR
319,MURSHIDABAD,110631,FARIDPUR
304,24 PARAGANAS SOUTH,108109,FATEPUR
320,NADIA,110811,FATEPUR
304,24 PARAGANAS SOUTH,108001,FOOLMALANCHA
304,24 PARAGANAS SOUTH,108242,FREZARGANJ
308,COOCHBEHAR,108987,FULBARI
314,JALPAIGURI,109847,FULBARI-I
314,JALPAIGURI,109848,FULBARI-II
316,MALDAH,109879,FULBARIA
320,NADIA,110930,FULIA TOWNSHIP
305,BANKURA,108415,FULKUSMA
305,BANKURA,108463,FULMATI
303,24 PARAGANAS NORTH,107887,FULSARA
307,BIRBHUM,108903,FULUR
312,HOOGHLY,109453,FURFURA
304,24 PARAGANAS SOUTH,108144,FUTIGODA
304,24 PARAGANAS SOUTH,108255,G PLOT
304,24 PARAGANAS SOUTH,108214,GABBERIA
319,MURSHIDABAD,110572,GADDA
314,JALPAIGURI,109737,GADHEARKUTHI
318,MEDINIPUR WEST,110390,GAGANESWAR
321,PURULIA,111032,GAGNABAD
311,DINAJPUR UTTAR,109287,GAISAL-I
311,DINAJPUR UTTAR,109288,GAISAL-II
304,24 PARAGANAS SOUTH,108059,GAJA POYALI
319,MURSHIDABAD,110747,GAJINAGAR MALANCHA
304,24 PARAGANAS SOUTH,108166,GAJIPUR
320,NADIA,110804,GAJNA
306,PURBA BARDHAMAN,108550,GALSI
313,HOWRAH,109642,GANGADHARPUR
312,HOOGHLY,109376,GANGADHARPUR
305,BANKURA,108329,GANGAJALGHATI
303,24 PARAGANAS NORTH,107861,GANGANANDAPUR
316,MALDAH,109945,GANGAPRASAD
310,DINAJPUR DAKSHIN,109205,GANGARAMPUR
304,24 PARAGANAS SOUTH,108266,GANGASAGAR
306,PURBA BARDHAMAN,108621,GANGATIKURI
307,BIRBHUM,108877,GANGMURI-JOYPUR
303,24 PARAGANAS NORTH,107862,GANGRAPOTA
310,DINAJPUR DAKSHIN,109196,GANGURIA
321,PURULIA,111090,GARAFUSRA
319,MURSHIDABAD,110601,GARAIMARI
314,JALPAIGURI,109765,GARALBARI
312,HOOGHLY,109387,GARALGACHHA
318,MEDINIPUR WEST,110316,GARANGA
317,MEDINIPUR EAST,110015,GARBARI-I
317,MEDINIPUR EAST,110016,GARBARI-II
313,HOWRAH,109684,GARBHABANIPUR-SONATALA
304,24 PARAGANAS SOUTH,108145,GARDOANI
305,BANKURA,108440,GARGARIA
318,MEDINIPUR WEST,110317,GARHBETA
317,MEDINIPUR EAST,110101,GARHKAMALPUR
318,MEDINIPUR WEST,110498,GARHMAL
319,MURSHIDABAD,110602,GARIBPUR
664,Alipurduar,109776,GAROPARA
321,PURULIA,111117,GARSIKA
702,KALIMPONG,260974,GARUBATHAN-I
702,KALIMPONG,260975,GARUBATHAN-II
704,PASCHIM BARDHAMAN,108533,GAURBAZAR
309,DARJEELING,261033,GAYABARI-I
309,DARJEELING,261034,GAYABARI-II
309,DARJEELING,261035,GAYABARI-III
316,MALDAH,109934,GAYESHBARI
320,NADIA,110931,GAYESHPUR
306,PURBA BARDHAMAN,108614,GAZIPUR
313,HOWRAH,109569,GAZIPUR
316,MALDAH,109894,GAZOLE-I
316,MALDAH,109895,GAZOLE-II
305,BANKURA,108358,GELIA
321,PURULIA,110972,GENRUA
321,PURULIA,111004,GHAGRA
321,PURULIA,110973,GHATBERA-KEROWA
303,24 PARAGANAS NORTH,107863,GHATBOUR
304,24 PARAGANAS SOUTH,108215,GHATESWAR
320,NADIA,110772,GHETUGACHHI
311,DINAJPUR UTTAR,109251,GHIRNIGAON
308,COOCHBEHAR,108988,GHOKSARDANGA
321,PURULIA,111098,GHONGA
313,HOWRAH,109570,GHORABERIA CHITNAN
304,24 PARAGANAS SOUTH,108267,GHORAMARA
319,MURSHIDABAD,110603,GHORAMARA
303,24 PARAGANAS NORTH,107849,GHORARASH KULINGRAM
305,BANKURA,108318,GHOSERGRAM
319,MURSHIDABAD,110632,GHOSHPARA
312,HOOGHLY,109463,GHOSHPUR
317,MEDINIPUR EAST,110151,GHOSHPUR
309,DARJEELING,109169,GHOSPUKUR
318,MEDINIPUR WEST,110391,GHRITAGRAM
308,COOCHBEHAR,108941,GHUGHUMARI
309,DARJEELING,260984,GHUM KHASMAHAL
307,BIRBHUM,108778,GHURISHA
305,BANKURA,108306,GHUTGORIA
306,PURBA BARDHAMAN,108605,GIDHAGRAM
703,Jhargram,110370,GIDHNI
304,24 PARAGANAS SOUTH,108231,GILARCHHAT
319,MURSHIDABAD,110708,GIRIA
702,KALIMPONG,261020,GITABLING
308,COOCHBEHAR,108958,GITALDAHA-I
308,COOCHBEHAR,108959,GITALDAHA-II
311,DINAJPUR UTTAR,109269,GOAGAON-I
311,DINAJPUR UTTAR,109270,GOAGAON-II
306,PURBA BARDHAMAN,108606,GOAI
305,BANKURA,108441,GOALBARI
311,DINAJPUR UTTAR,109271,GOALPOKHAR
318,MEDINIPUR WEST,110323,GOALTOR
305,BANKURA,108330,GOBINDADHAM
303,24 PARAGANAS NORTH,107930,GOBINDAKATI
317,MEDINIPUR EAST,110152,GOBINDANAGAR
313,HOWRAH,109625,GOBINDAPUR
320,NADIA,110852,GOBINDAPUR
306,PURBA BARDHAMAN,108529,GOBINDAPUR
311,DINAJPUR UTTAR,109289,GOBINDAPUR
303,24 PARAGANAS NORTH,107971,GOBINDAPUR
304,24 PARAGANAS SOUTH,108042,GOBINDAPUR KALICHARANPUR
316,MALDAH,109858,GOBINDAPUR-MAHESHPUR
319,MURSHIDABAD,110737,GOBORDHANDANGA
318,MEDINIPUR WEST,110472,GOBORDHANPUR
320,NADIA,110821,GOBRA
317,MEDINIPUR EAST,110181,GOBRA
308,COOCHBEHAR,108973,GOBRA CHHARA NAYARHAT
303,24 PARAGANAS NORTH,107838,GOCHHA AKHARPUR
318,MEDINIPUR WEST,110285,GOCHHATI
305,BANKURA,108307,GODARDIHI
314,JALPAIGURI,109738,GODONG-I
314,JALPAIGURI,109739,GODONG-II
312,HOOGHLY,109422,GOGHAT
704,PASCHIM BARDHAMAN,108534,GOGLA
305,BANKURA,108432,GOGRA
318,MEDINIPUR WEST,110324,GOHALDANGA
307,BIRBHUM,108767,GOHALIARA
306,PURBA BARDHAMAN,108551,GOHOGRAM
317,MEDINIPUR EAST,110110,GOJINA
310,DINAJPUR DAKSHIN,109212,GOKARNA
319,MURSHIDABAD,110640,GOKARNA-I
319,MURSHIDABAD,110641,GOKARNA-II
304,24 PARAGANAS SOUTH,108201,GOKARNI
309,DARJEELING,260955,GOKE-I
309,DARJEELING,260956,GOKE-II
317,MEDINIPUR EAST,110134,GOKULNAGAR
317,MEDINIPUR EAST,110111,GOKULNAGAR
317,MEDINIPUR EAST,110169,GOKULPUR
321,PURULIA,111099,GOLAMARA
316,MALDAH,109960,GOLAPGANJ
318,MEDINIPUR WEST,110403,GOLAR
308,COOCHBEHAR,109021,GOLENOWHATI
318,MEDINIPUR WEST,110302,GOLGRAM
307,BIRBHUM,108826,GONPUR
306,PURBA BARDHAMAN,108679,GOP-GANTAR-I
306,PURBA BARDHAMAN,108680,GOP-GANTAR-II
310,DINAJPUR DAKSHIN,109189,GOPALBATI
306,PURBA BARDHAMAN,108636,GOPALBERA
304,24 PARAGANAS SOUTH,108177,GOPALGANJ
318,MEDINIPUR WEST,110415,GOPALI
304,24 PARAGANAS SOUTH,108256,GOPALNAGAR
312,HOOGHLY,109531,GOPALNAGAR
321,PURULIA,111048,GOPALNAGAR
317,MEDINIPUR EAST,110091,GOPALNAGAR
303,24 PARAGANAS NORTH,107864,GOPALNAGAR-I
303,24 PARAGANAS NORTH,107865,GOPALNAGAR-II
304,24 PARAGANAS SOUTH,108070,GOPALPUR
317,MEDINIPUR EAST,110170,GOPALPUR
305,BANKURA,108337,GOPALPUR
704,PASCHIM BARDHAMAN,108600,GOPALPUR
316,MALDAH,109971,GOPALPUR
308,COOCHBEHAR,108996,GOPALPUR
304,24 PARAGANAS SOUTH,108110,GOPALPUR
308,COOCHBEHAR,108928,GOPALPUR
303,24 PARAGANAS NORTH,107912,GOPALPUR-I
303,24 PARAGANAS NORTH,107913,GOPALPUR-II
310,DINAJPUR DAKSHIN,109240,GOPHANAGAR
703,Jhargram,110361,GOPIBALLAVPUR
320,NADIA,110946,GOPINATHPUR
305,BANKURA,108375,GOPINATHPUR
312,HOOGHLY,109410,GOPINATHPUR-I
312,HOOGHLY,109411,GOPINATHPUR-II
305,BANKURA,108370,GORABARI
309,DARJEELING,260985,GORABARI MARGARETS HOPE
321,PURULIA,111033,GORANDIH
307,BIRBHUM,108835,GORSHA
304,24 PARAGANAS SOUTH,108120,GOSABA
308,COOCHBEHAR,109022,GOSAIRHAT
308,COOCHBEHAR,108960,GOSANIMARI-I
308,COOCHBEHAR,108961,GOSANIMARI-II
309,DARJEELING,109159,GOSSAIPUR
312,HOOGHLY,109505,GOSWAMIMALIPARA
306,PURBA BARDHAMAN,108733,GOTAN
311,DINAJPUR UTTAR,109272,GOTI
306,PURBA BARDHAMAN,108647,GOTISTHA
303,24 PARAGANAS NORTH,107839,GOTRA
318,MEDINIPUR WEST,110286,GOURA
305,BANKURA,108344,GOURBAZAR
316,MALDAH,109873,GOURHANDA
312,HOOGHLY,109349,GOURHATI-I
312,HOOGHLY,109350,GOURHATI-II
311,DINAJPUR UTTAR,109337,GOURI
318,MEDINIPUR WEST,110446,GRAMRAJ
664,Alipurduar,109754,GUABARNAGAR
317,MEDINIPUR EAST,110208,GUABERIA
312,HOOGHLY,109412,GUDUBARI-I
312,HOOGHLY,109413,GUDUBARI-II
311,DINAJPUR UTTAR,109302,GULANDAR-I
311,DINAJPUR UTTAR,109303,GULANDAR-II
303,24 PARAGANAS NORTH,107907,GUMA-I
303,24 PARAGANAS NORTH,107908,GUMA-II
319,MURSHIDABAD,110573,GUNDIRIA
321,PURULIA,111061,GUNIARA
311,DINAJPUR UTTAR,109290,GUNJARIA
312,HOOGHLY,109366,GUPTIPARA-I
312,HOOGHLY,109367,GUPTIPARA-II
310,DINAJPUR DAKSHIN,109241,GURAIL
312,HOOGHLY,109414,GURAP
319,MURSHIDABAD,110682,GURAPASHLA
317,MEDINIPUR EAST,110005,GURGRAM
304,24 PARAGANAS SOUTH,108178,GURGURIA BHUBANESWARI
308,COOCHBEHAR,108942,GURIAHATI-I
308,COOCHBEHAR,108943,GURIAHATI-II
319,MURSHIDABAD,110542,GURUDASPUR
321,PURULIA,110988,GURUR
306,PURBA BARDHAMAN,108484,GUSKARA-II
319,MURSHIDABAD,110562,HABASPUR
320,NADIA,110901,HABIBPUR
316,MALDAH,109908,HABIBPUR
321,PURULIA,111034,HADALDA-UPARRAH
303,24 PARAGANAS NORTH,107878,HADIPUR JHIKRA-I
303,24 PARAGANAS NORTH,107879,HADIPUR JHIKRA-II
317,MEDINIPUR EAST,110033,HAIPUR
319,MURSHIDABAD,110683,HAJBIBIDANGA
317,MEDINIPUR EAST,110182,HALDIA-I
317,MEDINIPUR EAST,110183,HALDIA-II
303,24 PARAGANAS NORTH,107914,HALIPUR
317,MEDINIPUR EAST,110082,HALUDBARI
305,BANKURA,108424,HALUDKANALI
313,HOWRAH,109593,HALYAN
316,MALDAH,109946,HAMIDPUR
305,BANKURA,108454,HAMIRHATI
305,BANKURA,108407,HAMIRPUR
307,BIRBHUM,108892,HANSAN-I
307,BIRBHUM,108893,HANSAN-II
320,NADIA,110947,HANSPUKURIA
313,HOWRAH,109626,HANTAL ANANTABATI
664,Alipurduar,109799,HANTAPARA
319,MURSHIDABAD,110563,HANUMANTANAGAR
311,DINAJPUR UTTAR,109252,HAPTIAGACHH
312,HOOGHLY,109488,HARALDASPUR
313,HOWRAH,109685,HARALI UDAYNARAYANPUR
320,NADIA,110895,HARANAGAR
703,Jhargram,110239,HARDA
304,24 PARAGANAS SOUTH,107983,HARDHAH
320,NADIA,110833,HAREKRISHNAPUR
317,MEDINIPUR EAST,110076,HARIA
318,MEDINIPUR WEST,110416,HARIATORA
308,COOCHBEHAR,108944,HARIBHANGA
319,MURSHIDABAD,110543,HARIDASMATI
307,BIRBHUM,108852,HARIDASPUR
319,MURSHIDABAD,110622,HARIHARPARA
304,24 PARAGANAS SOUTH,107984,HARIHARPUR
304,24 PARAGANAS SOUTH,108186,HARIHARPUR
304,24 PARAGANAS SOUTH,108134,HARINARAYANPUR
304,24 PARAGANAS SOUTH,108089,HARINDANGA
304,24 PARAGANAS SOUTH,108111,HARINDANGA-I
304,24 PARAGANAS SOUTH,108112,HARINDANGA-II
312,HOOGHLY,109351,HARINKHOLA-I
312,HOOGHLY,109352,HARINKHOLA-II
312,HOOGHLY,109436,HARIPALASHUTOSH
312,HOOGHLY,109441,HARIPALKINGKARBATI
312,HOOGHLY,109442,HARIPALSAHADEV
312,HOOGHLY,109377,HARIPUR
318,MEDINIPUR WEST,110265,HARIPUR
317,MEDINIPUR EAST,110135,HARIPUR
320,NADIA,110932,HARIPUR
304,24 PARAGANAS SOUTH,108243,HARIPUR
704,PASCHIM BARDHAMAN,108703,HARIPURA
316,MALDAH,109916,HARISHCHANDRAPUR
313,HOWRAH,109686,HARISHPUR
312,HOOGHLY,109506,HARIT
305,BANKURA,108464,HARMASRA
303,24 PARAGANAS NORTH,107915,HAROA
310,DINAJPUR DAKSHIN,109242,HARSURA
319,MURSHIDABAD,110755,HARUA
303,24 PARAGANAS NORTH,107924,HASNABAD
305,BANKURA,108308,HAT-ASURIA
305,BANKURA,108345,HATAGRAM
320,NADIA,110822,HATGACHHA
313,HOWRAH,109696,HATGACHHA-I
313,HOWRAH,109697,HATGACHHA-II
303,24 PARAGANAS NORTH,107953,HATGACHHI
307,BIRBHUM,108798,HATIA
309,DARJEELING,109160,HATIGHISA
319,MURSHIDABAD,110544,HATINAGAR
320,NADIA,110789,HATISALA-I
320,NADIA,110790,HATISALA-II
306,PURBA BARDHAMAN,108592,HATKALNA
320,NADIA,110791,HATKHOLA
307,BIRBHUM,108904,HATORA
304,24 PARAGANAS SOUTH,108071,HATPUKURIA
313,HOWRAH,109585,HATURIA-I
313,HOWRAH,109586,HATURIA-II
317,MEDINIPUR EAST,110153,HAUR
312,HOOGHLY,109430,HAZIPUR
308,COOCHBEHAR,108997,HAZRAHAT-I
308,COOCHBEHAR,108998,HAZRAHAT-II
307,BIRBHUM,108786,HAZRATPUR
310,DINAJPUR DAKSHIN,109243,HAZRATPUR
316,MALDAH,109972,HEERANANDAPUR
313,HOWRAH,109698,HEERAPUR
303,24 PARAGANAS NORTH,107802,HELENCHA
318,MEDINIPUR WEST,110447,HEMCHANDRA
308,COOCHBEHAR,108982,HEMKUMARI
311,DINAJPUR UTTAR,109284,HEMTABAD
321,PURULIA,111010,HENSAHATU
321,PURULIA,110955,HENSLA
304,24 PARAGANAS SOUTH,108257,HERAMBAGOPALPUR
319,MURSHIDABAD,110717,HERAMPUR
307,BIRBHUM,108768,HETAMPUR
321,PURULIA,110956,HETGUGUI
305,BANKURA,108359,HETIA
309,DARJEELING,109170,HETMURI SINGHIJHORA
704,PASCHIM BARDHAMAN,108574,HIJALGARA
306,PURBA BARDHAMAN,108723,HIJALNA
310,DINAJPUR DAKSHIN,109218,HILI
303,24 PARAGANAS NORTH,107931,HINGALGANJ
320,NADIA,110773,HINGARA
307,BIRBHUM,108827,HINGLOW
321,PURULIA,111024,HIRAPURADARDIH
305,BANKURA,108338,HIRBANDH
319,MURSHIDABAD,110642,HIZOLE
320,NADIA,110834,HOGOLBERIA
307,BIRBHUM,108905,HORISARA
317,MEDINIPUR EAST,110209,HORKHALI
304,24 PARAGANAS SOUTH,108202,HOTOR MORJADA
320,NADIA,110792,HRIDAYPUR
319,MURSHIDABAD,110623,HUMAIPUR
321,PURULIA,110995,HURA
319,MURSHIDABAD,110718,HURSHI
321,PURULIA,111100,HUTMURA
321,PURULIA,111011,ICHAG
303,24 PARAGANAS NORTH,107888,ICHAPUR-I
303,24 PARAGANAS NORTH,107889,ICHAPUR-II
704,PASCHIM BARDHAMAN,108535,ICHHAPUR
303,24 PARAGANAS NORTH,107811,ICHHAPUR-NILGANJ
307,BIRBHUM,108779,ILLAMBAZAR
321,PURULIA,111012,ILU-JARGO
319,MURSHIDABAD,110615,IMAMNAGAR
305,BANKURA,108352,INDAS-I
305,BANKURA,108353,INDAS-II
314,JALPAIGURI,109819,INDONG-MATIALI
305,BANKURA,108346,INDPUR
319,MURSHIDABAD,110651,INDRANI
307,BIRBHUM,108799,INDUS
318,MEDINIPUR WEST,110345,IRHPALA
311,DINAJPUR UTTAR,109291,ISLAMPUR
316,MALDAH,109923,ISLAMPUR
313,HOWRAH,109627,ISLAMPUR
319,MURSHIDABAD,110719,ISLAMPURCHAK
304,24 PARAGANAS SOUTH,108167,ISWARIPUR
317,MEDINIPUR EAST,110026,ISWARPUR
317,MEDINIPUR EAST,110017,ITABERIA
312,HOOGHLY,109489,ITACHUNAKHANYAN
311,DINAJPUR UTTAR,109304,ITAHAR
317,MEDINIPUR EAST,110103,ITAMOGRA-II
704,PASCHIM BARDHAMAN,108495,ITAPARA
303,24 PARAGANAS NORTH,107840,ITINDA PANITORE
304,24 PARAGANAS SOUTH,108072,ITKHOLA
321,PURULIA,110996,JABARRAH
321,PURULIA,111071,JABARRAH-JHAPRA-I
321,PURULIA,111072,JABARRAH-JHAPRA-II
316,MALDAH,109880,JADUPUR-I
316,MALDAH,109881,JADUPUR-II
303,24 PARAGANAS NORTH,107790,JADURHATI DAKSHIN
303,24 PARAGANAS NORTH,107791,JADURHATI UTTAR
305,BANKURA,108291,JAGADALLA-I
305,BANKURA,108292,JAGADALLA-II
306,PURBA BARDHAMAN,108615,JAGADANANDSPUR
304,24 PARAGANAS SOUTH,108216,JAGADISHPUR
313,HOWRAH,109602,JAGADISHPUR
311,DINAJPUR UTTAR,109338,JAGADISHPUR
303,24 PARAGANAS NORTH,107792,JAGANNATHPUR
305,BANKURA,108360,JAGANNATHPUR
318,MEDINIPUR WEST,110404,JAGANNATHPUR
313,HOWRAH,109628,JAGATBALLAVPUR-I
313,HOWRAH,109629,JAGATBALLAVPUR-II
312,HOOGHLY,109476,JAGATPUR
316,MALDAH,109859,JAGDALA
319,MURSHIDABAD,110761,JAGTAI-I
319,MURSHIDABAD,110762,JAGTAI-II
304,24 PARAGANAS SOUTH,108013,JAGULGACHHI
310,DINAJPUR DAKSHIN,109208,JAHANGIRPUR
306,PURBA BARDHAMAN,108708,JAHANNAGAR
664,Alipurduar,109777,JAIGAON-I
664,Alipurduar,109778,JAIGAON-II
311,DINAJPUR UTTAR,109273,JAINGAON
319,MURSHIDABAD,110652,JAIPUR
316,MALDAH,109909,JAJAIL
319,MURSHIDABAD,110574,JAJAN
307,BIRBHUM,108841,JAJIGRAM
310,DINAJPUR DAKSHIN,109224,JAKIRPUR
304,24 PARAGANAS SOUTH,108179,JALABERIA-I
304,24 PARAGANAS SOUTH,108180,JALABERIA-II
313,HOWRAH,109643,JALABISWANATHPUR
316,MALDAH,109874,JALALPUR
316,MALDAH,109935,JALALPUR
319,MURSHIDABAD,110633,JALANGI
309,DARJEELING,109171,JALAS-NIJAMTARA
318,MEDINIPUR WEST,110473,JALCHAK-I
318,MEDINIPUR WEST,110474,JALCHAK-II
303,24 PARAGANAS NORTH,107890,JALESWAR-I
303,24 PARAGANAS NORTH,107891,JALESWAR-II
310,DINAJPUR DAKSHIN,109190,JALGHAR
318,MEDINIPUR WEST,110303,JALIMANDA
317,MEDINIPUR EAST,110027,JALPAI
316,MALDAH,109936,JALUABADHAL
307,BIRBHUM,108869,JALUNDI
308,COOCHBEHAR,109008,JAMALDAHA
310,DINAJPUR DAKSHIN,109219,JAMALPUR
306,PURBA BARDHAMAN,108562,JAMALPUR-I
306,PURBA BARDHAMAN,108563,JAMALPUR-II
320,NADIA,110835,JAMASHERPUR
321,PURULIA,111079,JAMBAD
703,Jhargram,110371,JAMBONI
704,PASCHIM BARDHAMAN,108496,JAMGRAM
703,Jhargram,110466,JAMIRAPAL
305,BANKURA,108408,JAMKURI
306,PURBA BARDHAMAN,108663,JAMNA
312,HOOGHLY,109490,JAMNA
318,MEDINIPUR WEST,110475,JAMNA
307,BIRBHUM,108800,JAMNA
312,HOOGHLY,109491,JAMNAGARMONDALAII
305,BANKURA,108319,JAMTORA
319,MURSHIDABAD,110702,JAMUAR
312,HOOGHLY,109388,JANAI
321,PURULIA,111062,JANARDANDIH
304,24 PARAGANAS SOUTH,108135,JANGALIA
312,HOOGHLY,109454,JANGIPARA
303,24 PARAGANAS NORTH,107946,JANGRAHATIARA-II
317,MEDINIPUR EAST,110083,JANKA
318,MEDINIPUR WEST,110244,JARA
306,PURBA BARDHAMAN,108564,JARAGRAM
319,MURSHIDABAD,110703,JARUR
319,MURSHIDABAD,110665,JASAITALA
319,MURSHIDABAD,110643,JASHAHARI ANUKHA-I
319,MURSHIDABAD,110644,JASHAHARI ANUKHA-II
307,BIRBHUM,108769,JASHPUR
303,24 PARAGANAS NORTH,107793,JASIKATI ATGHARA
664,Alipurduar,109755,JATESWAR-I
664,Alipurduar,109756,JATESWAR-II
316,MALDAH,109979,JATRADANGA
306,PURBA BARDHAMAN,108565,JAUGRAM
312,HOOGHLY,109492,JAYERDWARBASINI
313,HOWRAH,109571,JAYPUR
318,MEDINIPUR WEST,110325,JEERAPARA
312,HOOGHLY,109443,JEJUR
303,24 PARAGANAS NORTH,107962,JELIAKHALI
704,PASCHIM BARDHAMAN,108742,JEMERI
704,PASCHIM BARDHAMAN,108536,JEMUA
318,MEDINIPUR WEST,110266,JENKAPUR
317,MEDINIPUR EAST,110057,JERTHAN
303,24 PARAGANAS NORTH,107824,JETHIA
321,PURULIA,111013,JHALDA-DARDA
313,HOWRAH,109572,JHAMTIA
314,JALPAIGURI,109740,JHARALTAGRAM-I
314,JALPAIGURI,109741,JHARALTAGRAM-II
304,24 PARAGANAS SOUTH,108002,JHARKHALI
303,24 PARAGANAS NORTH,107892,JHAUDANGA
306,PURBA BARDHAMAN,108713,JHAUDANGA
318,MEDINIPUR WEST,110405,JHENTLA
309,DARJEELING,260957,JHEPI
313,HOWRAH,109573,JHIKIRA
307,BIRBHUM,108809,JHIKODDA
319,MURSHIDABAD,110653,JHILLI
306,PURBA BARDHAMAN,108648,JHILU-I
306,PURBA BARDHAMAN,108649,JHILU-II
305,BANKURA,108320,JHUNJKA
308,COOCHBEHAR,108945,JIRANPUR
312,HOOGHLY,109368,JIRAT
305,BANKURA,108321,JIRRAH
704,PASCHIM BARDHAMAN,108750,JITPUR-UTTARRAMPUR
321,PURULIA,111049,JITUJURI
314,JALPAIGURI,109810,JKRANTI
320,NADIA,110867,JOANIA
318,MEDINIPUR WEST,110326,JOGARDANGA
303,24 PARAGANAS NORTH,107932,JOGESHGANJ
321,PURULIA,111112,JORADIH
318,MEDINIPUR WEST,110406,JORAKEUDI-SOLIDIHA
313,HOWRAH,109654,JORHAT
308,COOCHBEHAR,108999,JORPATKI
319,MURSHIDABAD,110709,JOTKAMAL
313,HOWRAH,109704,JOYARGORI
307,BIRBHUM,108780,JOYDEV-KENDULI
320,NADIA,110853,JOYGHATA
311,DINAJPUR UTTAR,109305,JOYHAT
317,MEDINIPUR EAST,110210,JOYNAGAR
321,PURULIA,111005,JOYPUR
320,NADIA,110917,JUGALKISHORE
304,24 PARAGANAS SOUTH,108203,JUGDIA
313,HOWRAH,109644,JUJARSAHA
317,MEDINIPUR EAST,110018,JUKHIA
304,24 PARAGANAS SOUTH,108032,JULPIA
317,MEDINIPUR EAST,110058,JUMKI
305,BANKURA,108296,JUNBEDIA
320,NADIA,110823,JURANPUR
319,MURSHIDABAD,110606,JURANPUR
306,PURBA BARDHAMAN,108630,JYANDAS-KANDARA
318,MEDINIPUR WEST,110287,JYOTGHANASHYAM
304,24 PARAGANAS SOUTH,108003,JYOTISHPUR
306,PURBA BARDHAMAN,108566,JYOTSREERAM
319,MURSHIDABAD,110738,KABILPUR
303,24 PARAGANAS NORTH,107850,KACHUA
304,24 PARAGANAS SOUTH,108121,KACHUKHALI
303,24 PARAGANAS NORTH,107812,KADAMBAGACHHI
317,MEDINIPUR EAST,110191,KADUA
702,KALIMPONG,261004,KAFER KANKE BONG
702,KALIMPONG,261021,KAGE
319,MURSHIDABAD,110577,KAGRAM
316,MALDAH,109990,KAHALA
306,PURBA BARDHAMAN,108637,KAIARH
306,PURBA BARDHAMAN,108650,KAICHAR-I
306,PURBA BARDHAMAN,108651,KAICHAR-II
309,DARJEELING,260958,KAIJALIA
303,24 PARAGANAS NORTH,107972,KAIJURI
312,HOOGHLY,109444,KAIKALA
307,BIRBHUM,108853,KAITHA-I
307,BIRBHUM,108854,KAITHA-II
306,PURBA BARDHAMAN,108734,KAITI
316,MALDAH,109882,KAJIGRAM
317,MEDINIPUR EAST,110006,KAJLAGARH
704,PASCHIM BARDHAMAN,108694,KAJORA
317,MEDINIPUR EAST,110199,KAKHARDA
317,MEDINIPUR EAST,110007,KAKRA
321,PURULIA,110997,KALABANI
317,MEDINIPUR EAST,110077,KALAGECHHIA
318,MEDINIPUR WEST,110407,KALAGRAM
318,MEDINIPUR WEST,110417,KALAIKUNDA
304,24 PARAGANAS SOUTH,108095,KALATALAHAT
664,Alipurduar,109779,KALCHINI
306,PURBA BARDHAMAN,108714,KALEKHANTALA-I
306,PURBA BARDHAMAN,108715,KALEKHANTALA-II
307,BIRBHUM,108816,KALESWAR
316,MALDAH,109937,KALIACHAK-I
316,MALDAH,109938,KALIACHAK-II
318,MEDINIPUR WEST,110422,KALIARA-I
318,MEDINIPUR WEST,110423,KALIARA-II
317,MEDINIPUR EAST,110136,KALICHARANPUR
321,PURULIA,111035,KALIDAHA
320,NADIA,110824,KALIGANJ
316,MALDAH,109865,KALIGRAM
310,DINAJPUR DAKSHIN,109232,KALIKAMORA
304,24 PARAGANAS SOUTH,108187,KALIKAPOTA
304,24 PARAGANAS SOUTH,108274,KALIKAPUR-I
304,24 PARAGANAS SOUTH,108275,KALIKAPUR-II
304,24 PARAGANAS SOUTH,108080,KALIKATALA
702,KALIMPONG,261005,KALIMPONG
303,24 PARAGANAS NORTH,107954,KALINAGAR
313,HOWRAH,109699,KALINAGAR
319,MURSHIDABAD,110723,KALINAGAR-I
319,MURSHIDABAD,110724,KALINAGAR-II
320,NADIA,110903,KALINARAYANPUR PAHARPUR
317,MEDINIPUR EAST,110192,KALINDI
320,NADIA,110793,KALINGA
303,24 PARAGANAS NORTH,107933,KALITALA
307,BIRBHUM,108855,KALITHA
321,PURULIA,111014,KALMA
319,MURSHIDABAD,110666,KALMEGHA
313,HOWRAH,109574,KALNA
305,BANKURA,108293,KALPATHAR
307,BIRBHUM,108894,KALUHA
303,24 PARAGANAS NORTH,107866,KALUPUR
704,PASCHIM BARDHAMAN,108751,KALYA
305,BANKURA,108389,KALYANI
317,MEDINIPUR EAST,110126,KALYANPUR
313,HOWRAH,109587,KALYANPUR
306,PURBA BARDHAMAN,108585,KALYANPUR
304,24 PARAGANAS SOUTH,107985,KALYANPUR
319,MURSHIDABAD,110587,KALYANPUR-I
319,MURSHIDABAD,110588,KALYANPUR-II
664,Alipurduar,109786,KAMAKHYAGURI-I
664,Alipurduar,109787,KAMAKHYAGURI-II
311,DINAJPUR UTTAR,109339,KAMALABARI-I
311,DINAJPUR UTTAR,109340,KAMALABARI-II
311,DINAJPUR UTTAR,109292,KAMALGAON-SUJALI
318,MEDINIPUR WEST,110288,KAMALPUR
320,NADIA,110918,KAMALPUR
313,HOWRAH,109670,KAMALPUR
304,24 PARAGANAS SOUTH,108168,KAMARCHAK
317,MEDINIPUR EAST,110078,KAMARDA
312,HOOGHLY,109532,KAMARKUNDUGOPALNAGARDALUIGACHHA
304,24 PARAGANAS SOUTH,108096,KAMARPOLE
312,HOOGHLY,109431,KAMARPUKUR
319,MURSHIDABAD,110530,KAMNAGAR
303,24 PARAGANAS NORTH,107825,KAMPA-CHAKLA
304,24 PARAGANAS SOUTH,108276,KAMRABAD
304,24 PARAGANAS SOUTH,108060,KAMRABAD
321,PURULIA,111050,KAMTAJANGIDIRI
307,BIRBHUM,108810,KANACHI
317,MEDINIPUR EAST,110042,KANAIDIGHI
320,NADIA,110938,KANAINAGAR
312,HOOGHLY,109537,KANAIPUR
319,MURSHIDABAD,110748,KANCHANTALA
320,NADIA,110774,KANCHARAPARA
313,HOWRAH,109655,KANDUA
304,24 PARAGANAS SOUTH,108043,KANGANBERIA
307,BIRBHUM,108757,KANKALITALA
304,24 PARAGANAS SOUTH,108232,KANKANDIGHI
311,DINAJPUR UTTAR,109259,KANKI
703,Jhargram,110240,KANKO
704,PASCHIM BARDHAMAN,108601,KANKSA
306,PURBA BARDHAMAN,108593,KANKURIA
313,HOWRAH,109559,KANPUR
304,24 PARAGANAS SOUTH,108090,KANPUR DHANABERIA
305,BANKURA,108390,KANTABARI
319,MURSHIDABAD,110564,KANTANAGAR
304,24 PARAGANAS SOUTH,108004,KANTHALBERIA
316,MALDAH,109910,KANTURKA
313,HOWRAH,109687,KANUPAT MANSUKA
319,MURSHIDABAD,110704,KANUPUR
305,BANKURA,108433,KANURI
312,HOOGHLY,109389,KAPASARIA
319,MURSHIDABAD,110520,KAPASDANGA
319,MURSHIDABAD,110676,KAPASDANGA
311,DINAJPUR UTTAR,109306,KAPASIA
703,Jhargram,110372,KAPGARI
305,BANKURA,108331,KAPISTA
307,BIRBHUM,108828,KAPISTA
306,PURBA BARDHAMAN,108607,KARAJGRAM
311,DINAJPUR UTTAR,109325,KARANDIGHI-I
311,DINAJPUR UTTAR,109326,KARANDIGHI-II
304,24 PARAGANAS SOUTH,108169,KARANJALI
310,DINAJPUR DAKSHIN,109233,KARANJI
307,BIRBHUM,108912,KARIDHYA
320,NADIA,110836,KARIMPUR-I
320,NADIA,110837,KARIMPUR-II
305,BANKURA,108354,KARISUNDA
316,MALDAH,109896,KARKACH
318,MEDINIPUR WEST,110476,KARKAI
318,MEDINIPUR WEST,110499,KARNAGARH
318,MEDINIPUR WEST,110333,KARSA
306,PURBA BARDHAMAN,108616,KARUI
307,BIRBHUM,108758,KASBA
317,MEDINIPUR EAST,110059,KASBA-EGRA
318,MEDINIPUR WEST,110500,KASHIJORA
303,24 PARAGANAS NORTH,107813,KASHIMPUR
321,PURULIA,111036,KASHIPUR
318,MEDINIPUR WEST,110448,KASHIPUR
319,MURSHIDABAD,110531,KASHIPUR
702,KALIMPONG,261022,KASHYONG
319,MURSHIDABAD,110710,KASIADANGA
319,MURSHIDABAD,110763,KASIMNAGAR
304,24 PARAGANAS SOUTH,108233,KASINAGAR
304,24 PARAGANAS SOUTH,108061,KASIPUR ALAMPUR
313,HOWRAH,109575,KASMOLI
307,BIRBHUM,108884,KASTHOGORA
320,NADIA,244952,KASTODANGA-I
320,NADIA,110814,KASTODANGA-II
319,MURSHIDABAD,110634,KATABARI
319,MURSHIDABAD,110725,KATLAMARI-I
319,MURSHIDABAD,110726,KATLAMARI-II
318,MEDINIPUR WEST,110318,KATRAUTTARBIL
304,24 PARAGANAS SOUTH,108234,KAUTALA
304,24 PARAGANAS SOUTH,108217,KECHARKUR
319,MURSHIDABAD,110694,KEDARCHANDPUR-I
319,MURSHIDABAD,110695,KEDARCHANDPUR-II
308,COOCHBEHAR,109000,KEDARHAT
312,HOOGHLY,109516,KELEPARA
303,24 PARAGANAS NORTH,107820,KEMIA KHAMARPARA
704,PASCHIM BARDHAMAN,108575,KENDA
321,PURULIA,111080,KENDA
703,Jhargram,110373,KENDADANGRI
307,BIRBHUM,108787,KENDGORE
704,PASCHIM BARDHAMAN,108704,KENDRA
307,BIRBHUM,108920,KENDUA
703,Jhargram,110362,KENDUGARI
317,MEDINIPUR EAST,110137,KENDUMARIJALPAI
305,BANKURA,108294,KENJAKURA
304,24 PARAGANAS SOUTH,108033,KEORADANGA
304,24 PARAGANAS SOUTH,108170,KEORATALA
312,HOOGHLY,109548,KESABCHAK
317,MEDINIPUR EAST,110154,KESHAPAT
321,PURULIA,110998,KESHERGARH
318,MEDINIPUR WEST,110392,KESHIARI
318,MEDINIPUR WEST,110408,KESHPUR
306,PURBA BARDHAMAN,108622,KETUGRAM
311,DINAJPUR UTTAR,109274,KHAGORE
308,COOCHBEHAR,108929,KHAGRABARI
314,JALPAIGURI,109829,KHAGRABARI-I
314,JALPAIGURI,109830,KHAGRABARI-II
304,24 PARAGANAS SOUTH,108044,KHAGRAMURI
318,MEDINIPUR WEST,110393,KHAJRA
312,HOOGHLY,109415,KHAJUDAHAMILKI
321,PURULIA,111107,KHAJURA
306,PURBA BARDHAMAN,108608,KHAJURDIHI
304,24 PARAGANAS SOUTH,108136,KHAKURDAHA
305,BANKURA,108465,KHALGRAM
308,COOCHBEHAR,109023,KHALISAMARI
313,HOWRAH,109705,KHALISANI
313,HOWRAH,109588,KHALORE
312,HOOGHLY,109464,KHANAKUL-I
312,HOOGHLY,109465,KHANAKUL-II
318,MEDINIPUR WEST,110304,KHANAMOHAN
306,PURBA BARDHAMAN,108638,KHANDAGHOSH
317,MEDINIPUR EAST,110155,KHANDAKHOLA
704,PASCHIM BARDHAMAN,108695,KHANDARA
317,MEDINIPUR EAST,110092,KHANGDIHI
318,MEDINIPUR WEST,110289,KHANJAPUR
306,PURBA BARDHAMAN,108552,KHANO
305,BANKURA,108309,KHANRARI
308,COOCHBEHAR,108930,KHAPAIDANGA
317,MEDINIPUR EAST,110173,KHAR
316,MALDAH,109866,KHARBA
703,Jhargram,110354,KHARBANDHI
313,HOWRAH,109560,KHARDAH
319,MURSHIDABAD,110654,KHARGRAM
304,24 PARAGANAS SOUTH,108235,KHARI
314,JALPAIGURI,109766,KHARIA
309,DARJEELING,109132,KHARIBARI-PANISHALI
319,MURSHIDABAD,110558,KHARIBONA
314,JALPAIGURI,109767,KHARIJA-BERUBARI-I
314,JALPAIGURI,109768,KHARIJA-BERUBARI-II
703,Jhargram,110467,KHARIKAMATHANI
319,MURSHIDABAD,110589,KHARJUNA
318,MEDINIPUR WEST,110319,KHARKUSMA
313,HOWRAH,109679,KHARUBERIA
317,MEDINIPUR EAST,110200,KHARUI-I
317,MEDINIPUR EAST,110201,KHARUI-II
307,BIRBHUM,108885,KHARUN
303,24 PARAGANAS NORTH,107916,KHASBALANDA
307,BIRBHUM,108913,KHATANGA
305,BANKURA,108371,KHATRAGRAM-I
305,BANKURA,108372,KHATRAGRAM-II
664,Alipurduar,109800,KHAYARBARI
319,MURSHIDABAD,110635,KHAYRAMARI
317,MEDINIPUR EAST,110084,KHEJURI
318,MEDINIPUR WEST,110418,KHELARH
318,MEDINIPUR WEST,110290,KHEPUTDAKSHNIBARH
304,24 PARAGANAS SOUTH,108277,KHEYADAHA-I
304,24 PARAGANAS SOUTH,108278,KHEYADAHA-II
319,MURSHIDABAD,110624,KHIDIRPUR
313,HOWRAH,109688,KHILA
320,NADIA,110904,KHISMA
664,Alipurduar,109788,KHOARDANGA-I
664,Alipurduar,109789,KHOARDANGA-II
317,MEDINIPUR EAST,110147,KHODAMBARI-I
317,MEDINIPUR EAST,110148,KHODAMBARI-II
303,24 PARAGANAS NORTH,107851,KHOLAPOTA
304,24 PARAGANAS SOUTH,108097,KHORDA
313,HOWRAH,109561,KHOSALPUR
307,BIRBHUM,108788,KHOYRASOLE
703,Jhargram,110507,KHUDMORAI
318,MEDINIPUR WEST,110291,KHUKURDAHA
303,24 PARAGANAS NORTH,107963,KHULNA
318,MEDINIPUR WEST,110449,KHURSI
319,MURSHIDABAD,110684,KIRITESWARI
303,24 PARAGANAS NORTH,107821,KIRITIPUR-II
307,BIRBHUM,108870,KIRNAHAR-I
307,BIRBHUM,108871,KIRNAHAR-II
319,MURSHIDABAD,110655,KIRTIPUR
303,24 PARAGANAS NORTH,107822,KIRTIPUR-I
308,COOCHBEHAR,108974,KISHAMAT DASGRAM
312,HOOGHLY,109466,KISHOREPUR-I
312,HOOGHLY,109467,KISHOREPUR-II
317,MEDINIPUR EAST,110104,KISMATNAIKUNDI
305,BANKURA,108455,KOCHDIHI
312,HOOGHLY,109397,KODALIA-I
312,HOOGHLY,109398,KODALIA-II
664,Alipurduar,109724,KOHINOOR
317,MEDINIPUR EAST,110093,KOLA-I
317,MEDINIPUR EAST,110094,KOLA-II
313,HOWRAH,109611,KOLORA-I
313,HOWRAH,109612,KOLORA-II
303,24 PARAGANAS NORTH,107880,KOLSUR
307,BIRBHUM,108921,KOMA
303,24 PARAGANAS NORTH,107803,KONIARA-I
303,24 PARAGANAS NORTH,107804,KONIARA-II
303,24 PARAGANAS NORTH,107964,KORAKATI
306,PURBA BARDHAMAN,108609,KOSHIGRAM
305,BANKURA,108297,KOSTHIA
306,PURBA BARDHAMAN,108489,KOTA
312,HOOGHLY,109455,KOTALPUR
317,MEDINIPUR EAST,110008,KOTBARH
303,24 PARAGANAS NORTH,107814,KOTRA
305,BANKURA,108376,KOTULPUR
316,MALDAH,109883,KOTWALI
303,24 PARAGANAS NORTH,107826,KOWGACHI-I
303,24 PARAGANAS NORTH,107827,KOWGACHI-II
304,24 PARAGANAS SOUTH,108223,KRISHNACHANDRAPUR
306,PURBA BARDHAMAN,108594,KRISHNADEVPUR
320,NADIA,110854,KRISHNAGANJ
316,MALDAH,109961,KRISHNAPUR
304,24 PARAGANAS SOUTH,108218,KRISHNAPUR
312,HOOGHLY,109378,KRISHNARAMPUR
316,MALDAH,109875,KSHEMPUR
306,PURBA BARDHAMAN,108519,KSHETIA
318,MEDINIPUR WEST,110477,KSHIRAI
306,PURBA BARDHAMAN,108652,KSHIRGRAM
312,HOOGHLY,109493,KSHIRKUNDI-NAMAJGRAM-NIYASA
318,MEDINIPUR WEST,110255,KUAPUR
321,PURULIA,110989,KUCHIA
305,BANKURA,108361,KUCHIAKOLE
308,COOCHBEHAR,109009,KUCHLIBARI
306,PURBA BARDHAMAN,108689,KUCHUT
321,PURULIA,110990,KUILAPAL
317,MEDINIPUR EAST,110211,KUKRAHATI
314,JALPAIGURI,109849,KUKURJAN
317,MEDINIPUR EAST,110028,KULBARI
704,PASCHIM BARDHAMAN,108752,KULBERIABOLKUNDA
304,24 PARAGANAS SOUTH,108034,KULERDARI
319,MURSHIDABAD,110590,KULI
703,Jhargram,110355,KULIANA
304,24 PARAGANAS SOUTH,108171,KULPI
303,24 PARAGANAS NORTH,107917,KULTI
703,Jhargram,110508,KULTIKRI
702,KALIMPONG,260976,KUMAI
317,MEDINIPUR EAST,110127,KUMARARA
317,MEDINIPUR EAST,110128,KUMARCHAK
312,HOOGHLY,109432,KUMARGANJ
664,Alipurduar,109790,KUMARGRAM
321,PURULIA,111058,KUMARI
303,24 PARAGANAS NORTH,107942,KUMARJOLE
312,HOOGHLY,109423,KUMARSA
319,MURSHIDABAD,110645,KUMARSANDA
316,MALDAH,109962,KUMBHIRA
317,MEDINIPUR EAST,110043,KUMIRDA
304,24 PARAGANAS SOUTH,108122,KUMIRMARI
312,HOOGHLY,109379,KUMIRMORE
314,JALPAIGURI,109811,KUMLAI
321,PURULIA,110991,KUMRA
303,24 PARAGANAS NORTH,107898,KUMRA
304,24 PARAGANAS SOUTH,108236,KUMRAPARA
318,MEDINIPUR WEST,110450,KUNARPUR
304,24 PARAGANAS SOUTH,108181,KUNDAKHALI GODABAR
307,BIRBHUM,108817,KUNDOLA
313,HOWRAH,109689,KURCHI SHIBPUR
306,PURBA BARDHAMAN,108553,KURKUBA
306,PURBA BARDHAMAN,108520,KURMUN-I
306,PURBA BARDHAMAN,108530,KURMUN-II
308,COOCHBEHAR,109001,KURSAMARI
307,BIRBHUM,108856,KURUMGRAM
307,BIRBHUM,108801,KURUNNAHAR
319,MURSHIDABAD,110591,KURUNNORUN
313,HOWRAH,109576,KUSBERIA
305,BANKURA,108409,KUSHADWIP
318,MEDINIPUR WEST,110451,KUSHBASAN
310,DINAJPUR DAKSHIN,109234,KUSHMANDI
307,BIRBHUM,108842,KUSHMORE-I
307,BIRBHUM,108843,KUSHMORE-II
305,BANKURA,108384,KUSHTORE
316,MALDAH,109917,KUSIDHA
307,BIRBHUM,108886,KUSUMBA
318,MEDINIPUR WEST,110478,KUSUMDA
306,PURBA BARDHAMAN,108664,KUSUMGRAM
317,MEDINIPUR EAST,110044,KUSUMPUR
318,MEDINIPUR WEST,110394,KUSUMPUR
319,MURSHIDABAD,110565,KUTHIRAMPUR
309,DARJEELING,261053,LABDAH
307,BIRBHUM,108802,LABPUR-I
307,BIRBHUM,108803,LABPUR-II
305,BANKURA,108332,LACHHMANPUR
318,MEDINIPUR WEST,110424,LACHHMAPUR
321,PURULIA,110999,LADHURKA
321,PURULIA,111091,LAGDA
304,24 PARAGANAS SOUTH,108123,LAHIRIPUR
311,DINAJPUR UTTAR,109327,LAHUTARA-I
311,DINAJPUR UTTAR,109328,LAHUTARA-II
321,PURULIA,111000,LAKHANPUR
311,DINAJPUR UTTAR,109253,LAKHIPUR
321,PURULIA,111081,LAKHRA
306,PURBA BARDHAMAN,108653,LAKHURIA
317,MEDINIPUR EAST,110079,LAKSHI
319,MURSHIDABAD,110711,LAKSHMIJOLA
304,24 PARAGANAS SOUTH,108188,LAKSHMIKANTAPUR
316,MALDAH,109963,LAKSHMIPUR
318,MEDINIPUR WEST,110245,LAKSHMIPUR
305,BANKURA,108446,LAKSHMISAGAR
317,MEDINIPUR EAST,110105,LAKSHYA-I
317,MEDINIPUR EAST,110106,LAKSHYA-II
304,24 PARAGANAS SOUTH,108258,LAKSMIJANARDANPUR
703,Jhargram,110374,LALBANDH
308,COOCHBEHAR,109024,LALBAZAR
703,Jhargram,110230,LALGARH
318,MEDINIPUR WEST,110501,LALGERIA
319,MURSHIDABAD,110667,LALGOLA
304,24 PARAGANAS SOUTH,108224,LALPUR
318,MEDINIPUR WEST,110395,LALUA
309,DARJEELING,261054,LAMAHATTA
304,24 PARAGANAS SOUTH,108279,LANGALBERIA
664,Alipurduar,109801,LANKAPARA
313,HOWRAH,109630,LASKARPUR
664,Alipurduar,109780,LATABARI
314,JALPAIGURI,109812,LATAGURI
308,COOCHBEHAR,108989,LATAPOTA
305,BANKURA,108333,LATIABONI
321,PURULIA,110981,LATPADA
317,MEDINIPUR EAST,110045,LAUDA
703,Jhargram,110509,LAUDAHA
704,PASCHIM BARDHAMAN,108537,LAUDOHA
702,KALIMPONG,261023,LAVA-GITABEONG
307,BIRBHUM,108770,LAXMI-NARAYANPUR
319,MURSHIDABAD,110764,LAXMIPUR
305,BANKURA,108475,LAYEKBANDH
312,HOOGHLY,109494,LCHHOBADASPUR
309,DARJEELING,260959,LEBONG VALLEY-I
309,DARJEELING,260960,LEBONG VALLEY-II
305,BANKURA,108377,LEGO
309,DARJEELING,260986,LINGIAMARAYBONG
702,KALIMPONG,299521,LINGSEY
702,KALIMPONG,261024,LINGSEYKHA
306,PURBA BARDHAMAN,108541,LOAPURKRISHNARAMPUR
306,PURBA BARDHAMAN,108542,LOARAMGOPALPUR
307,BIRBHUM,108771,LOBA
319,MURSHIDABAD,110720,LOCHANPUR
311,DINAJPUR UTTAR,109275,LODHAN
703,Jhargram,110381,LODHASULI
309,DARJEELING,260961,LODHOMA-I
309,DARJEELING,260962,LODHOMA-II
306,PURBA BARDHAMAN,108639,LODNA
305,BANKURA,108391,LODNA
307,BIRBHUM,108789,LOKEPUR
702,KALIMPONG,261025,LOLE
309,DARJEELING,109161,LOWER BAGDOGRA
702,KALIMPONG,261006,LOWER ECHHAY
309,DARJEELING,260987,LOWER SONADA-I
309,DARJEELING,260988,LOWER SONADA-II
305,BANKURA,108378,LOWGRAM
314,JALPAIGURI,109842,LUKSAN
305,BANKURA,108447,MACHATORA
303,24 PARAGANAS NORTH,107899,MACHHLANDAPUR-I
303,24 PARAGANAS NORTH,107900,MACHHLANDAPUR-II
305,BANKURA,108379,MADANMOHANPUR
319,MURSHIDABAD,110545,MADANPUR
704,PASCHIM BARDHAMAN,108696,MADANPUR
320,NADIA,110775,MADANPUR-I
320,NADIA,110776,MADANPUR-II
704,PASCHIM BARDHAMAN,108576,MADANTOR
304,24 PARAGANAS SOUTH,107986,MADARAT
664,Alipurduar,109802,MADARIHAT
319,MURSHIDABAD,110521,MADDA
314,JALPAIGURI,109831,MADHABDANGA-I
314,JALPAIGURI,109832,MADHABDANGA-II
312,HOOGHLY,109353,MADHABPUR
320,NADIA,110838,MADHUGARI
308,COOCHBEHAR,108931,MADHUPUR
319,MURSHIDABAD,110696,MADHUPUR
319,MURSHIDABAD,110607,MADHURKUL
304,24 PARAGANAS SOUTH,108152,MADHUSUDANPUR
316,MALDAH,109860,MADNABATI
304,24 PARAGANAS SOUTH,108204,MAGRAHAT PASCHIM
304,24 PARAGANAS SOUTH,108205,MAGRAHAT PURBA
321,PURULIA,111001,MAGURIA-LALPUR
314,JALPAIGURI,109742,MAGURMARI-I
314,JALPAIGURI,109743,MAGURMARI-II
310,DINAJPUR DAKSHIN,109197,MAHABARI
306,PURBA BARDHAMAN,108510,MAHACHANDA
319,MURSHIDABAD,110616,MAHADEBNAGAR
316,MALDAH,109884,MAHADIPUR
664,Alipurduar,109725,MAHAKALGURI
319,MURSHIDABAD,110646,MAHALANDI-I
319,MURSHIDABAD,110647,MAHALANDI-II
307,BIRBHUM,108829,MAHAMADBAZAR
319,MURSHIDABAD,110566,MAHAMMADPUR
317,MEDINIPUR EAST,110138,MAHAMMADPUR
317,MEDINIPUR EAST,110009,MAHAMMADPUR-I
317,MEDINIPUR EAST,110010,MAHAMMADPUR-II
312,HOOGHLY,109507,MAHANAD
309,DARJEELING,261036,MAHANADI
316,MALDAH,109867,MAHANANDAPUR
316,MALDAH,109991,MAHANANDATOLA
316,MALDAH,109995,MAHARAJPUR
306,PURBA BARDHAMAN,108511,MAHATA
320,NADIA,110794,MAHATPUR
316,MALDAH,109918,MAHENDRAPUR
319,MURSHIDABAD,110765,MAHESAIL-I
319,MURSHIDABAD,110766,MAHESAIL-II
313,HOWRAH,109700,MAHESHPUR
319,MURSHIDABAD,110617,MAHESHPUR
320,NADIA,110795,MAHESHPUR
311,DINAJPUR UTTAR,109341,MAHIPUR
317,MEDINIPUR EAST,110034,MAHISAGOT
319,MURSHIDABAD,110656,MAHISAR
319,MURSHIDABAD,110567,MAHISASTHALI
316,MALDAH,109980,MAHISBATHANI
308,COOCHBEHAR,109045,MAHISKHUCHI-II
308,COOCHBEHAR,109046,MAHISKUCHI-I
320,NADIA,110880,MAHISURA
313,HOWRAH,109613,MAHIYARI-I
313,HOWRAH,109614,MAHIYARI-II
311,DINAJPUR UTTAR,109276,MAHUA
319,MURSHIDABAD,110522,MAHULA-I
319,MURSHIDABAD,110523,MAHULA-II
307,BIRBHUM,108836,MAHURAPUR
319,MURSHIDABAD,110685,MAHURUL
304,24 PARAGANAS SOUTH,108182,MAIPITH BAIKUNTHAPUR
664,Alipurduar,109757,MAIRADANGA
317,MEDINIPUR EAST,110193,MAITHANA
320,NADIA,110855,MAITIARY BANPUR
319,MURSHIDABAD,110668,MAIYA
306,PURBA BARDHAMAN,108716,MAJDIA
320,NADIA,110881,MAJDIA PANSILA
305,BANKURA,108392,MAJDIHA
664,Alipurduar,109726,MAJHERDABRI
320,NADIA,110896,MAJHERGRAM
306,PURBA BARDHAMAN,108665,MAJHERGRAM
320,NADIA,110919,MAJHERGRAM
314,JALPAIGURI,109850,MAJHIALI
311,DINAJPUR UTTAR,109254,MAJHIALI
321,PURULIA,111025,MAJHIDIH
303,24 PARAGANAS NORTH,107828,MAJHIPARA-PALASI
316,MALDAH,109897,MAJHRA
306,PURBA BARDHAMAN,108654,MAJIGRAM
317,MEDINIPUR EAST,110035,MAJILAPUR
313,HOWRAH,109631,MAJU
312,HOOGHLY,109508,MAKALPUR
313,HOWRAH,109615,MAKARDAH-I
313,HOWRAH,109616,MAKARDAH-II
316,MALDAH,109868,MAKDAMPUR
303,24 PARAGANAS NORTH,107925,MAKHALGACHHA
318,MEDINIPUR WEST,110327,MAKLI
703,Jhargram,110468,MALAM
310,DINAJPUR DAKSHIN,109244,MALANCHA
664,Alipurduar,109781,MALANGI
316,MALDAH,109876,MALATIPUR
312,HOOGHLY,109354,MALAYPUR-I
312,HOOGHLY,109355,MALAYPUR-II
311,DINAJPUR UTTAR,109316,MALGAON
305,BANKURA,108310,MALIARA
319,MURSHIDABAD,110727,MALIBARI-I
319,MURSHIDABAD,110728,MALIBARI-II
310,DINAJPUR DAKSHIN,109235,MALIGAON
318,MEDINIPUR WEST,110305,MALIGHATI
318,MEDINIPUR WEST,110479,MALIGRAM
319,MURSHIDABAD,110578,MALIHATI
316,MALDAH,109924,MALIOR-I
316,MALDAH,109925,MALIOR-II
303,24 PARAGANAS NORTH,107805,MALIPOTA
307,BIRBHUM,108914,MALLICKPUR
304,24 PARAGANAS SOUTH,108113,MALLIKPUR
304,24 PARAGANAS SOUTH,107987,MALLIKPUR
319,MURSHIDABAD,110625,MALOPARA
320,NADIA,110805,MAMJOAN
303,24 PARAGANAS NORTH,107829,MAMUDPUR
306,PURBA BARDHAMAN,108666,MAMUDPUR-I
306,PURBA BARDHAMAN,108667,MAMUDPUR-II
321,PURULIA,111092,MANARA
321,PURULIA,111051,MANBAZAR
305,BANKURA,108448,MANDALGRAM
305,BANKURA,108416,MANDALKULI
312,HOOGHLY,109433,MANDARAN
312,HOOGHLY,109416,MANDRA
309,DARJEELING,261055,MANEYDARA
316,MALDAH,109981,MANGALBARI
321,PURULIA,111113,MANGALDA-MAUTORE
316,MALDAH,109911,MANGALPUR
318,MEDINIPUR WEST,110246,MANGRUL
321,PURULIA,111037,MANIHARA
305,BANKURA,108456,MANIKBAZAR
316,MALDAH,109973,MANIKCHAK
319,MURSHIDABAD,110669,MANIKCHAK
318,MEDINIPUR WEST,110247,MANIKKUNDU
703,Jhargram,110382,MANIKPARA
313,HOWRAH,109656,MANIKPUR
319,MURSHIDABAD,110546,MANINDRANAGAR
303,24 PARAGANAS NORTH,107965,MANIPUR
309,DARJEELING,109162,MANIRAM
304,24 PARAGANAS SOUTH,108146,MANIRTAT
317,MEDINIPUR EAST,110067,MANJUSREE
305,BANKURA,108298,MANKANALI
306,PURBA BARDHAMAN,108543,MANKAR
321,PURULIA,110957,MANKIARY
318,MEDINIPUR WEST,110346,MANSUKA-I
318,MEDINIPUR WEST,110347,MANSUKA-II
314,JALPAIGURI,109851,MANTADARI
306,PURBA BARDHAMAN,108668,MANTESWAR
318,MEDINIPUR WEST,110452,MANYA
311,DINAJPUR UTTAR,109342,MARAIKURA
319,MURSHIDABAD,110657,MARGRAM
307,BIRBHUM,108895,MARGRAM-I
307,BIRBHUM,108896,MARGRAM-II
303,24 PARAGANAS NORTH,107782,MARICHA
308,COOCHBEHAR,108932,MARICHBARI-KHOLTA
317,MEDINIPUR EAST,110046,MARISHDA
311,DINAJPUR UTTAR,109307,MARNAI
312,HOOGHLY,109477,MAROKHANA
308,COOCHBEHAR,109036,MARUGANJ
321,PURULIA,111015,MARUMOSINA
312,HOOGHLY,109380,MASAT
316,MALDAH,109926,MASHALDAHA
304,24 PARAGANAS SOUTH,108091,MASHAT
313,HOWRAH,109657,MASHILA
307,BIRBHUM,108887,MASHRA
304,24 PARAGANAS SOUTH,108005,MASZIDBATI
306,PURBA BARDHAMAN,108554,MASZIDPUR
308,COOCHBEHAR,108962,MATALHAT
321,PURULIA,110964,MATHA
321,PURULIA,111016,MATHARI-KHAMAR
304,24 PARAGANAS SOUTH,108081,MATHERDIGHI
307,BIRBHUM,108906,MATHPALSA
304,24 PARAGANAS SOUTH,108098,MATHUR
317,MEDINIPUR EAST,110174,MATHURA
664,Alipurduar,109712,MATHURA
316,MALDAH,109974,MATHURAPUR
304,24 PARAGANAS SOUTH,108225,MATHURAPUR PASCHIM
304,24 PARAGANAS SOUTH,108226,MATHURAPUR PURBA
314,JALPAIGURI,109820,MATIALI HAT
314,JALPAIGURI,109821,MATIALI-BATABARI-I
314,JALPAIGURI,109822,MATIALI-BATABARI-II
320,NADIA,110825,MATIARI
309,DARJEELING,109150,MATIGARA-I
309,DARJEELING,109151,MATIGARA-II
311,DINAJPUR UTTAR,109293,MATIKUNDA-I
311,DINAJPUR UTTAR,109294,MATIKUNDA-II
304,24 PARAGANAS SOUTH,108073,MATLA-I
304,24 PARAGANAS SOUTH,108074,MATLA-II
306,PURBA BARDHAMAN,108623,MAUGRAM
304,24 PARAGANAS SOUTH,108045,MAUKHALI
304,24 PARAGANAS SOUTH,108244,MAUSINI
304,24 PARAGANAS SOUTH,108147,MAYAHAURI
304,24 PARAGANAS SOUTH,108052,MAYAPUR
320,NADIA,110882,MAYAPUR BAMANPUKUR-I
320,NADIA,110883,MAYAPUR BAMANPUKUR-II
312,HOOGHLY,109356,MAYAPUR-I
312,HOOGHLY,109357,MAYAPUR-II
304,24 PARAGANAS SOUTH,108148,MAYDA
314,JALPAIGURI,109833,MAYNAGURI
307,BIRBHUM,108818,MAYURESWAR
320,NADIA,110806,MAYURHAT-I
320,NADIA,110807,MAYURHAT-II
309,DARJEELING,260963,MAZUWA
305,BANKURA,108393,MEDNIPUR
305,BANKURA,108385,MEJHIA
305,BANKURA,108417,MELERA
664,Alipurduar,109782,MENDABARI
304,24 PARAGANAS SOUTH,108183,MERIGANJ-I
304,24 PARAGANAS SOUTH,108184,MERIGANJ-II
306,PURBA BARDHAMAN,108717,MERTALA
305,BANKURA,108322,METYALA
316,MALDAH,109885,MILKI
303,24 PARAGANAS NORTH,107943,MINAKHAN
320,NADIA,110826,MIRA-I
320,NADIA,110827,MIRA-II
319,MURSHIDABAD,110705,MIRJAPUR
319,MURSHIDABAD,110524,MIRJAPUR-I
319,MURSHIDABAD,110525,MIRJAPUR-II
305,BANKURA,108380,MIRZAPUR
312,HOOGHLY,109533,MIRZAPURBANKIPUR
319,MURSHIDABAD,110712,MITIPUR
307,BIRBHUM,108844,MITRAPUR
312,HOOGHLY,109399,MOGRA-I
312,HOOGHLY,109400,MOGRA-II
310,DINAJPUR DAKSHIN,109225,MOHANA
304,24 PARAGANAS SOUTH,108206,MOHANPUR
303,24 PARAGANAS NORTH,107835,MOHANPUR
318,MEDINIPUR WEST,110438,MOHANPUR
303,24 PARAGANAS NORTH,107944,MOHANPUR
318,MEDINIPUR WEST,110348,MOHANPUR
318,MEDINIPUR WEST,110489,MOHAR
312,HOOGHLY,109369,MOHIPALPUR
318,MEDINIPUR WEST,110453,MOKRAMPUR
704,PASCHIM BARDHAMAN,108602,MOLANDIGHI
305,BANKURA,108339,MOLIAN
320,NADIA,110815,MOLLABELIA
307,BIRBHUM,108811,MOLLARPUR-I
307,BIRBHUM,108812,MOLLARPUR-II
314,JALPAIGURI,109769,MONDALGHAT
306,PURBA BARDHAMAN,108655,MONGALKOT
305,BANKURA,108355,MONGALPUR
307,BIRBHUM,108781,MONGOLDIHI
318,MEDINIPUR WEST,110432,MONIDAHA
319,MURSHIDABAD,110739,MONIGRAM
318,MEDINIPUR WEST,110262,MONOHARPUR
318,MEDINIPUR WEST,110349,MONOHARPUR-I
318,MEDINIPUR WEST,110248,MONOHARPUR-I
318,MEDINIPUR WEST,110350,MONOHARPUR-II
318,MEDINIPUR WEST,110249,MONOHARPUR-II
305,BANKURA,108476,MORAR
319,MURSHIDABAD,110740,MOREGRAM
305,BANKURA,108340,MOSHIARA
305,BANKURA,108418,MOTGODA
316,MALDAH,109947,MOTHABARI
316,MALDAH,109869,MOTIHARPUR
314,JALPAIGURI,109813,MOULANI
308,COOCHBEHAR,108946,MOYAMARI
317,MEDINIPUR EAST,110112,MOYNA-I
317,MEDINIPUR EAST,110113,MOYNA-II
305,BANKURA,108362,MOYNAPUR
316,MALDAH,109939,MOZAMPUR
313,HOWRAH,109594,MUALYAN BENAPUR
316,MALDAH,109982,MUCHIA
318,MEDINIPUR WEST,110409,MUGBASAN
317,MEDINIPUR EAST,110019,MUGBERIA
306,PURBA BARDHAMAN,108724,MUGURA
306,PURBA BARDHAMAN,108718,MUKSIMPARA
319,MURSHIDABAD,110677,MUKUNDABAGH
321,PURULIA,111006,MUKUNDAPUR
304,24 PARAGANAS SOUTH,108207,MULTI
309,DARJEELING,260989,MUNDA KOTHI
312,HOOGHLY,109456,MUNDALIKA
321,PURULIA,111118,MURADI
320,NADIA,110897,MURAGACHHA
307,BIRBHUM,108837,MURARAI
303,24 PARAGANAS NORTH,107926,MURARISHA
306,PURBA BARDHAMAN,108631,MURGRAM-GOPALPUR
304,24 PARAGANAS SOUTH,108268,MURIGANGA-I
304,24 PARAGANAS SOUTH,108269,MURIGANGA-II
320,NADIA,110844,MURUTIA
311,DINAJPUR UTTAR,109317,MUSTAFANAGAR
317,MEDINIPUR EAST,110156,MYSORA
312,HOOGHLY,109381,NABABPUR
704,PASCHIM BARDHAMAN,108705,NABAGRAM
313,HOWRAH,109671,NABAGRAM
304,24 PARAGANAS SOUTH,107988,NABAGRAM
319,MURSHIDABAD,110686,NABAGRAM
312,HOOGHLY,109538,NABAGRAM
306,PURBA BARDHAMAN,108624,NABAGRAM
306,PURBA BARDHAMAN,108531,NABASTHA-I
306,PURBA BARDHAMAN,108532,NABASTHA-II
320,NADIA,110933,NABLA
318,MEDINIPUR WEST,110396,NACHIPUR
306,PURBA BARDHAMAN,108709,NADANGHAT
321,PURULIA,111073,NADIHASURULIA
304,24 PARAGANAS SOUTH,108006,NAFARGANJ
314,JALPAIGURI,109770,NAGAR BERUBARI
307,BIRBHUM,108915,NAGARI
320,NADIA,110816,NAGARUKHRA-I
320,NADIA,110817,NAGARUKHRA-II
304,24 PARAGANAS SOUTH,108237,NAGENDRAPUR
304,24 PARAGANAS SOUTH,108046,NAHAJARI
317,MEDINIPUR EAST,110114,NAICHANPUR-I
317,MEDINIPUR EAST,110115,NAICHANPUR-II
304,24 PARAGANAS SOUTH,108208,NAINAN
317,MEDINIPUR EAST,110171,NAIPUR
312,HOOGHLY,109549,NAITAMALPAHARPUR
312,HOOGHLY,109390,NAITI
308,COOCHBEHAR,108975,NAJIRHAT-I
310,DINAJPUR DAKSHIN,109191,NAJIRPUR
305,BANKURA,108394,NAKAIJURI
320,NADIA,110898,NAKASHIPARA
308,COOCHBEHAR,109037,NAKKATIGACHH
313,HOWRAH,109680,NAKOL
307,BIRBHUM,108790,NAKRAKONDA
309,DARJEELING,109163,NAKSHALBARI
312,HOOGHLY,109424,NAKUNDA
318,MEDINIPUR WEST,110334,NALBONA
304,24 PARAGANAS SOUTH,108149,NALGORA
312,HOOGHLY,109445,NALIKULPASCHIM
312,HOOGHLY,109446,NALIKULPURBA
313,HOWRAH,109658,NALPUR
304,24 PARAGANAS SOUTH,108227,NALUA
304,24 PARAGANAS SOUTH,108245,NAMKHANA
307,BIRBHUM,108782,NANASOLE
306,PURBA BARDHAMAN,108595,NANDAI
304,24 PARAGANAS SOUTH,108238,NANDAKUMARPUR
310,DINAJPUR DAKSHIN,109206,NANDANPUR
320,NADIA,110845,NANDANPUR
318,MEDINIPUR WEST,110275,NANDANPUR-I
318,MEDINIPUR WEST,110276,NANDANPUR-II
317,MEDINIPUR EAST,110029,NANDAPURBARAGHUNI
307,BIRBHUM,108845,NANDIGRAM
317,MEDINIPUR EAST,110139,NANDIGRAM
319,MURSHIDABAD,110697,NAODA
311,DINAJPUR UTTAR,109285,NAODA
316,MALDAH,109940,NAODA-JADUPUR
319,MURSHIDABAD,110547,NAODAPANUR
321,PURULIA,111082,NAPARA
318,MEDINIPUR WEST,110490,NARAYANBARH
318,MEDINIPUR WEST,110454,NARAYANGARH
304,24 PARAGANAS SOUTH,108137,NARAYANITALA
307,BIRBHUM,108888,NARAYANPUR
319,MURSHIDABAD,110687,NARAYANPUR
304,24 PARAGANAS SOUTH,108246,NARAYANPUR
304,24 PARAGANAS SOUTH,108014,NARAYANPUR
304,24 PARAGANAS SOUTH,108082,NARAYANPUR
305,BANKURA,108410,NARAYANPUR
320,NADIA,110846,NARAYANPUR-I
320,NADIA,110847,NARAYANPUR-II
312,HOOGHLY,109447,NARAYANPURBAHIRKHANDA
316,MALDAH,109886,NARHATTA
318,MEDINIPUR WEST,110455,NARMA
313,HOWRAH,109617,NARNA
305,BANKURA,108299,NARRAH
306,PURBA BARDHAMAN,108725,NARUGRAM
319,MURSHIDABAD,110670,NASHIPUR
319,MURSHIDABAD,110559,NASHIPUR
312,HOOGHLY,109534,NASIBPUR
304,24 PARAGANAS SOUTH,108062,NASKARPUR
306,PURBA BARDHAMAN,108710,NASRATPUR
308,COOCHBEHAR,109038,NATABARI-I
308,COOCHBEHAR,109039,NATABARI-II
312,HOOGHLY,109478,NATIBPUR-I
312,HOOGHLY,109479,NATIBPUR-II
320,NADIA,110848,NATIDANGA-I
320,NADIA,110849,NATIDANGA-II
320,NADIA,110939,NATNA
317,MEDINIPUR EAST,110107,NATSHAL-I
317,MEDINIPUR EAST,243875,NATSHAL-II
306,PURBA BARDHAMAN,108726,NATU
319,MURSHIDABAD,110678,NATUNGRAM
307,BIRBHUM,108872,NAWANAGAR-KADDA
318,MEDINIPUR WEST,110491,NAWGAON
320,NADIA,110905,NAWPARA MASUNDA
318,MEDINIPUR WEST,110335,NAYABASAT
303,24 PARAGANAS NORTH,107794,NAYABASTIA MILANI
703,Jhargram,110469,NAYAGRAM
309,DARJEELING,260964,NAYANOR
319,MURSHIDABAD,110618,NAYANSUKH
317,MEDINIPUR EAST,110036,NAYAPUT
308,COOCHBEHAR,109002,NAYARHAT
303,24 PARAGANAS NORTH,107955,NAZAT-I
303,24 PARAGANAS NORTH,107956,NAZAT-II
316,MALDAH,109975,NAZEERPUR
703,Jhargram,110383,NEDABAHARA
318,MEDINIPUR WEST,110439,NEELDA
702,KALIMPONG,261007,NEEMBONG
703,Jhargram,110231,NEPURA
304,24 PARAGANAS SOUTH,108153,NETAJI
304,24 PARAGANAS SOUTH,108092,NETRA
305,BANKURA,108442,NETURPUR
664,Alipurduar,109791,NEWLAND KUMARGRAM SANKOSH
306,PURBA BARDHAMAN,108656,NIGAN
311,DINAJPUR UTTAR,109260,NIJAMPUR-I
311,DINAJPUR UTTAR,109261,NIJAMPUR-II
308,COOCHBEHAR,108976,NIJIRHAT-II
317,MEDINIPUR EAST,110085,NIJKASBA
304,24 PARAGANAS SOUTH,108075,NIKARIGHATA
305,BANKURA,108395,NIKUNJAPUR
321,PURULIA,111114,NILDIH
317,MEDINIPUR EAST,110216,NILKUNTHIA
702,KALIMPONG,260977,NIM
306,PURBA BARDHAMAN,108719,NIMDAHA
303,24 PARAGANAS NORTH,107841,NIMDARIA KODALIA
306,PURBA BARDHAMAN,108681,NIMO-I
306,PURBA BARDHAMAN,108682,NIMO-II
319,MURSHIDABAD,110749,NIMTITA
306,PURBA BARDHAMAN,108625,NIROL
304,24 PARAGANAS SOUTH,108219,NISAPUR
313,HOWRAH,109603,NISCHINDA
304,24 PARAGANAS SOUTH,108053,NISCHINTAPUR
318,MEDINIPUR WEST,110292,NISHCHINTAPUR
308,COOCHBEHAR,108990,NISHIGANJ-I
308,COOCHBEHAR,108991,NISHIGANJ-II
306,PURBA BARDHAMAN,108512,NITYANANDAPUR
305,BANKURA,108334,NITYANANDAPUR
319,MURSHIDABAD,110548,NIYALLISPARA GOALJAN
318,MEDINIPUR WEST,110277,NIZNARAJOL
308,COOCHBEHAR,109010,NIZTAROF
307,BIRBHUM,108862,NOAPARA
320,NADIA,110873,NOAPARA-I
320,NADIA,110874,NOAPARA-II
320,NADIA,110920,NOKARI
304,24 PARAGANAS SOUTH,108063,NORTH BAWALI
703,Jhargram,110356,NOTA
321,PURULIA,111026,NOWAHATU
321,PURULIA,111017,NOYADIH
313,HOWRAH,109577,NOYAPARA
304,24 PARAGANAS SOUTH,108114,NOYAPUKURIA
704,PASCHIM BARDHAMAN,108497,NUNI
303,24 PARAGANAS NORTH,107881,NURNAGAR
304,24 PARAGANAS SOUTH,108099,NURPUR
319,MURSHIDABAD,110756,NURPUR
316,MALDAH,109976,NURPUR
321,PURULIA,111108,NUTANDI
321,PURULIA,111115,NUTANDIH
314,JALPAIGURI,109814,ODLABARI
308,COOCHBEHAR,108963,OKRABARI
305,BANKURA,108396,ONDA-I
305,BANKURA,108397,ONDA-II
313,HOWRAH,109595,ORPHOOLI
317,MEDINIPUR EAST,110030,OSMANPUR
305,BANKURA,108434,PABRA
702,KALIMPONG,261008,PABRINGTAR
308,COOCHBEHAR,109003,PACHAGARH
319,MURSHIDABAD,110658,PADAMKANDI
314,JALPAIGURI,109834,PADAMOTI-I
314,JALPAIGURI,109835,PADAMOTI-II
317,MEDINIPUR EAST,110184,PADIMA-I
317,MEDINIPUR EAST,110185,PADIMA-II
307,BIRBHUM,108772,PADUMA
317,MEDINIPUR EAST,110217,PADUMPUR-I
317,MEDINIPUR EAST,110218,PADUMPUR-II
306,PURBA BARDHAMAN,108735,PAHALANPUR
319,MURSHIDABAD,110721,PAHARPUR
314,JALPAIGURI,109771,PAHARPUR
309,DARJEELING,261049,PAHELIGAON SCHOOL DARA-I
309,DARJEELING,261050,PAHELIGAON SCHOOL DARA-II
319,MURSHIDABAD,110671,PAIKAPARA
307,BIRBHUM,108846,PAIKAR-I
307,BIRBHUM,108847,PAIKAR-II
307,BIRBHUM,108857,PAIKPARA
306,PURBA BARDHAMAN,108736,PAINTA-I
306,PURBA BARDHAMAN,108737,PAINTA-II
305,BANKURA,108311,PAKHANNA
316,MALDAH,109861,PAKUAHAT
318,MEDINIPUR WEST,110456,PAKURSENI
318,MEDINIPUR WEST,110293,PALASHPAI
312,HOOGHLY,109480,PALASHPAI-I
312,HOOGHLY,109481,PALASHPAI-II
320,NADIA,110948,PALASIPARA
317,MEDINIPUR EAST,110194,PALDHUI
306,PURBA BARDHAMAN,108657,PALIGRAM
306,PURBA BARDHAMAN,108632,PALITA
320,NADIA,110828,PALITBEGIA
303,24 PARAGANAS NORTH,107867,PALLA
307,BIRBHUM,108838,PALSA
306,PURBA BARDHAMAN,108727,PALSONA
306,PURBA BARDHAMAN,108617,PALSONA
320,NADIA,110949,PALSUNDA-I
320,NADIA,110950,PALSUNDA-II
318,MEDINIPUR WEST,110425,PALSYA
304,24 PARAGANAS SOUTH,108035,PANAKUA
312,HOOGHLY,109495,PANCHAGARA-TOREGRAM
305,BANKURA,108457,PANCHAL
304,24 PARAGANAS SOUTH,108047,PANCHANAN
313,HOWRAH,109690,PANCHARUL
318,MEDINIPUR WEST,110278,PANCHBERIA
317,MEDINIPUR EAST,110175,PANCHET
704,PASCHIM BARDHAMAN,108498,PANCHGECHHIA
312,HOOGHLY,109391,PANCHGHORA
319,MURSHIDABAD,110688,PANCHGRAM
318,MEDINIPUR WEST,110433,PANCHKHURI-I
318,MEDINIPUR WEST,110434,PANCHKHURI-II
313,HOWRAH,109645,PANCHLA
305,BANKURA,108466,PANCHMURA
313,HOWRAH,109659,PANCHPARA
307,BIRBHUM,108791,PANCHRA
306,PURBA BARDHAMAN,108567,PANCHRAH
317,MEDINIPUR EAST,110060,PANCHROL
319,MURSHIDABAD,110592,PANCHTHUPI
311,DINAJPUR UTTAR,109295,PANDITPOTA-I
311,DINAJPUR UTTAR,109296,PANDITPOTA-II
309,DARJEELING,261037,PANDU
316,MALDAH,109898,PANDUA
312,HOOGHLY,109496,PANDUA
306,PURBA BARDHAMAN,108633,PANDUGRAM
320,NADIA,110829,PANIGHATA
314,JALPAIGURI,109852,PANIKAURI
317,MEDINIPUR EAST,110068,PANIPARUL
321,PURULIA,111083,PANIPATHAR
308,COOCHBEHAR,108947,PANISALA
311,DINAJPUR UTTAR,109277,PANJIPARA
310,DINAJPUR DAKSHIN,109220,PANJUL
303,24 PARAGANAS NORTH,107830,PANPUR-KEUTIA
307,BIRBHUM,108907,PANRUI
317,MEDINIPUR EAST,110157,PANSKURA-I
313,HOWRAH,109632,PANTIHAL
704,PASCHIM BARDHAMAN,108499,PANURIA
318,MEDINIPUR WEST,110426,PAPARARA-I
318,MEDINIPUR WEST,110427,PAPARARA-II
321,PURULIA,111074,PARA
306,PURBA BARDHAMAN,108544,PARAJ
317,MEDINIPUR EAST,110116,PARAMANANDAPUR
316,MALDAH,109996,PARANPUR
704,PASCHIM BARDHAMAN,108577,PARASIA
306,PURBA BARDHAMAN,108568,PARATAL-I
306,PURBA BARDHAMAN,108569,PARATAL-II
313,HOWRAH,109618,PARBATIPUR
316,MALDAH,109964,PARDEONAPUR-SOVAPUR
703,Jhargram,110375,PARIHATI
664,Alipurduar,109727,PAROKATA
664,Alipurduar,109713,PARORPAR
305,BANKURA,108449,PARSOLA
307,BIRBHUM,108792,PARSUNDI
319,MURSHIDABAD,110659,PARULIA
304,24 PARAGANAS SOUTH,108093,PARULIA
307,BIRBHUM,108773,PARULIA
304,24 PARAGANAS SOUTH,108036,PASCHIM BISHNUPUR
303,24 PARAGANAS NORTH,107815,PASCHIM KHILKAPUR
312,HOOGHLY,109448,PASCHIMGOPINATHPUR
312,HOOGHLY,109434,PASCHIMPARA
703,Jhargram,110384,PATASHIMUL
317,MEDINIPUR EAST,110176,PATASPUR
308,COOCHBEHAR,108948,PATCHHARA
702,KALIMPONG,260978,PATENGODAK
304,24 PARAGANAS SOUTH,108124,PATHANKHALI
304,24 PARAGANAS SOUTH,108048,PATHARBERIA JAYCHANDIPUR
303,24 PARAGANAS NORTH,107948,PATHARGHATA
309,DARJEELING,109152,PATHARGHATA
320,NADIA,110940,PATHARGHATA-I
318,MEDINIPUR WEST,110328,PATHARPARA
304,24 PARAGANAS SOUTH,108259,PATHARPRATIMA
320,NADIA,110941,PATHATGHATA-II
703,Jhargram,110510,PATHRA
318,MEDINIPUR WEST,110435,PATHRA
319,MURSHIDABAD,110698,PATIKABARI
320,NADIA,110899,PATIKABARI
703,Jhargram,110470,PATINA
311,DINAJPUR UTTAR,109308,PATIRAJPUR
314,JALPAIGURI,109772,PATKATA
319,MURSHIDABAD,110741,PATKELDANGA
308,COOCHBEHAR,108933,PATLAKHAWA
664,Alipurduar,109714,PATLAKHAWA
303,24 PARAGANAS NORTH,107927,PATLIKHANPUR
304,24 PARAGANAS SOUTH,108100,PATRA
305,BANKURA,108411,PATRASAYER
310,DINAJPUR DAKSHIN,109192,PATRIRAM
306,PURBA BARDHAMAN,108720,PATULI
303,24 PARAGANAS NORTH,107836,PATULIA
312,HOOGHLY,109539,PAYARAPUR
702,KALIMPONG,261026,PAYONG
320,NADIA,110906,PAYRADANGA
305,BANKURA,108458,PEARBERA
702,KALIMPONG,261027,PEDON
316,MALDAH,109997,PEERGANJ
308,COOCHBEHAR,108983,PER-MEKHLIGANJ
312,HOOGHLY,109417,PERAMBUASAHABAZAR
309,DARJEELING,260990,PERMAGURITAMSANG
703,Jhargram,110357,PETBINDHI
308,COOCHBEHAR,108964,PETLA
309,DARJEELING,109168,PHANSIDEWA BANSGAON KISMAT
303,24 PARAGANAS NORTH,107842,PIFA
306,PURBA BARDHAMAN,108721,PILLA
306,PURBA BARDHAMAN,108586,PINDIRA
321,PURULIA,111101,PINDRA
318,MEDINIPUR WEST,110480,PINDURUI
318,MEDINIPUR WEST,110329,PINGBANI
306,PURBA BARDHAMAN,108669,PIPALAN
320,NADIA,110796,PIPRAGACHHI
320,NADIA,110839,PIPULBARIA
317,MEDINIPUR EAST,110219,PIPULBERIA-I
317,MEDINIPUR EAST,110220,PIPULBERIA-II
305,BANKURA,108335,PIRRABONI
321,PURULIA,111084,PIRRAH
318,MEDINIPUR WEST,110330,PIYASALA
320,NADIA,110830,PLASSEY-I
320,NADIA,110831,PLASSEY-II
309,DARJEELING,260991,PLUNGDUNG
311,DINAJPUR UTTAR,109278,POKHARIA
702,KALIMPONG,260979,POKHREYBONG
309,DARJEELING,260992,POKHRIABONG-I
309,DARJEELING,260993,POKHRIABONG-II
309,DARJEELING,260994,POKHRIABONG-III
312,HOOGHLY,109509,POLBA
312,HOOGHLY,109468,POLE-I
312,HOOGHLY,109469,POLE-II
304,24 PARAGANAS SOUTH,108280,POLEGHAT
313,HOWRAH,109633,POLEGUSTIA
304,24 PARAGANAS SOUTH,108025,POLERHAT-I
304,24 PARAGANAS SOUTH,108026,POLERHAT-II
320,NADIA,110868,PORAGACHHA
318,MEDINIPUR WEST,110267,POROLDA
306,PURBA BARDHAMAN,108545,POTNA-PURSA
304,24 PARAGANAS SOUTH,108015,PRANGANJ
319,MURSHIDABAD,110679,PRASADPUR
304,24 PARAGANAS SOUTH,108154,PRATAPADITYANAGAR
319,MURSHIDABAD,110750,PRATAPGANJ
304,24 PARAGANAS SOUTH,108281,PRATAPNAGAR
704,PASCHIM BARDHAMAN,108538,PRATAPPUR
317,MEDINIPUR EAST,110158,PRATAPPUR-I
317,MEDINIPUR EAST,110159,PRATAPPUR-II
308,COOCHBEHAR,108992,PREMERDANGA
303,24 PARAGANAS NORTH,107901,PRITHIBA
321,PURULIA,110958,PUARA
309,DARJEELING,261056,PUBANG-RAMPURIA
305,BANKURA,108425,PUDDI
702,KALIMPONG,261009,PUDUNG
316,MALDAH,109998,PUKHURIA
317,MEDINIPUR EAST,110095,PULSHITA
321,PURULIA,111085,PUNCHA
704,PASCHIM BARDHAMAN,108500,PUNCHRAH
310,DINAJPUR DAKSHIN,109213,PUNDARI
308,COOCHBEHAR,108934,PUNDIBARI
305,BANKURA,108398,PUNISOLE
307,BIRBHUM,108830,PURANAGRAM
305,BANKURA,108300,PURANDARPUR
319,MURSHIDABAD,110648,PURANDARPUR
307,BIRBHUM,108922,PURANDARPUR
304,24 PARAGANAS SOUTH,108037,PURBA BISHNUPUR
664,Alipurduar,109715,PURBA KANTHALBARI
303,24 PARAGANAS NORTH,107816,PURBA KHILKAPUR
305,BANKURA,108459,PURBA-NABASAN
312,HOOGHLY,109550,PURBARAMNAGAR
306,PURBA BARDHAMAN,108722,PURBASTHALI
312,HOOGHLY,109517,PURSURAH-I
312,HOOGHLY,109518,PURSURAH-II
317,MEDINIPUR EAST,110160,PURUSOTTAMPUR
321,PURULIA,111018,PUSTI
308,COOCHBEHAR,108949,PUTIMARI-FULESWARI
308,COOCHBEHAR,108965,PUTIMARI-I
308,COOCHBEHAR,108966,PUTIMARI-II
306,PURBA BARDHAMAN,108670,PUTSURI
312,HOOGHLY,109449,PYANTRA
304,24 PARAGANAS SOUTH,108155,RABINDRA
317,MEDINIPUR EAST,110161,RADHABALLAVCHAK
304,24 PARAGANAS SOUTH,108239,RADHAKANTAPUR
305,BANKURA,108460,RADHAMOHANPUR
318,MEDINIPUR WEST,110306,RADHAMOHANPUR-I
318,MEDINIPUR WEST,110307,RADHAMOHANPUR-II
703,Jhargram,110385,RADHANAGAR
305,BANKURA,108477,RADHANAGAR
312,HOOGHLY,109457,RADHANAGAR
304,24 PARAGANAS SOUTH,108125,RADHANAGAR-TARANAGAR
313,HOWRAH,109672,RADHAPUR
317,MEDINIPUR EAST,110020,RADHAPUR
319,MURSHIDABAD,110549,RADHARGHAT-I
319,MURSHIDABAD,110550,RADHARGHAT-II
311,DINAJPUR UTTAR,109318,RADHIKAPUR
321,PURULIA,111102,RAGHABPUR
312,HOOGHLY,109425,RAGHUBATI
313,HOWRAH,109660,RAGHUDEBBATI
313,HOWRAH,109706,RAGHUDEVPUR
317,MEDINIPUR EAST,110162,RAGHUNATHBARI
312,HOOGHLY,109540,RAGHUNATHPUR
303,24 PARAGANAS NORTH,107795,RAGHUNATHPUR
305,BANKURA,108347,RAGHUNATHPUR
320,NADIA,110942,RAGHUNATHPUR
320,NADIA,110921,RAGHUNATHPUR HIJULI-I
320,NADIA,110922,RAGHUNATHPUR HIJULI-II
317,MEDINIPUR EAST,110202,RAGHUNATHPUR-I
317,MEDINIPUR EAST,110203,RAGHUNATHPUR-II
703,Jhargram,110511,RAGRAH
320,NADIA,110850,RAHAMATPUR
321,PURULIA,111063,RAIBANDH
664,Alipurduar,109792,RAIDAK
304,24 PARAGANAS SOUTH,108240,RAIDIGHI
319,MURSHIDABAD,110626,RAIPUR
319,MURSHIDABAD,110699,RAIPUR
319,MURSHIDABAD,110608,RAIPUR
305,BANKURA,108419,RAIPUR
317,MEDINIPUR EAST,110037,RAIPUR-PASCHIMBARH
307,BIRBHUM,108759,RAIPUR-SUPUR
664,Alipurduar,109783,RAJABHATKHAWA
314,JALPAIGURI,109815,RAJADANGA
305,BANKURA,108426,RAJAKATA
319,MURSHIDABAD,110729,RAJAPUR
304,24 PARAGANAS SOUTH,108138,RAJAPUR KORABEG
304,24 PARAGANAS SOUTH,108172,RAJARAMPUR
303,24 PARAGANAS NORTH,107949,RAJARHAT BISHNUPUR-I
303,24 PARAGANAS NORTH,107950,RAJARHAT BISHNUPUR-II
320,NADIA,110832,RAJARMPUR GHORAIKHETRA
312,HOOGHLY,109458,RAJBALHAT-I
312,HOOGHLY,109459,RAJBALHAT-II
319,MURSHIDABAD,110551,RAJDHARPARA
303,24 PARAGANAS NORTH,107852,RAJENDRAPUR
307,BIRBHUM,108839,RAJGRAM
312,HOOGHLY,109510,RAJHAT
312,HOOGHLY,109482,RAJHATI-I
312,HOOGHLY,109483,RAJHATI-II
304,24 PARAGANAS SOUTH,108054,RAJIBPUR
303,24 PARAGANAS NORTH,107909,RAJIBPUR BIRA
307,BIRBHUM,108878,RAJNAGAR
318,MEDINIPUR WEST,110279,RAJNAGAR
316,MALDAH,109948,RAJNAGAR
306,PURBA BARDHAMAN,108634,RAJUR
312,HOOGHLY,109541,RAJYADHARPUR
321,PURULIA,111002,RAKHERA-BISPURIA
317,MEDINIPUR EAST,110102,RAMANI MOHAN MAITY
317,MEDINIPUR EAST,110117,RAMCHAK
304,24 PARAGANAS SOUTH,108007,RAMCHANDRAKHALI
305,BANKURA,108386,RAMCHANDRAPUR
310,DINAJPUR DAKSHIN,109245,RAMCHANDRAPUR
319,MURSHIDABAD,110672,RAMCHANDRAPUR
303,24 PARAGANAS NORTH,107796,RAMCHANDRAPUR UDAY
321,PURULIA,111119,RAMCHANDRAPUR-KOTALDI
312,HOOGHLY,109497,RAMESWARPUR-GOPALNAGAR
304,24 PARAGANAS SOUTH,108260,RAMGANGA
311,DINAJPUR UTTAR,109297,RAMGANJ-I
311,DINAJPUR UTTAR,109298,RAMGANJ-II
703,Jhargram,110232,RAMGARH
304,24 PARAGANAS SOUTH,108156,RAMGOPALPUR
304,24 PARAGANAS SOUTH,108270,RAMKARCHAR
304,24 PARAGANAS SOUTH,108173,RAMKISHORE
310,DINAJPUR DAKSHIN,109226,RAMKRISHNAPUR
304,24 PARAGANAS SOUTH,108174,RAMKRISHNAPUR
304,24 PARAGANAS SOUTH,108049,RAMKRISHNAPUR BORHANPUR
312,HOOGHLY,109470,RAMMOHAN-I
312,HOOGHLY,109471,RAMMOHAN-II
303,24 PARAGANAS NORTH,107893,RAMNAGAR
306,PURBA BARDHAMAN,108490,RAMNAGAR
319,MURSHIDABAD,110532,RAMNAGAR BACHARA
320,NADIA,110808,RAMNAGAR BARACHUPRIA-I
320,NADIA,244954,RAMNAGAR BARACHUPRIA-II
304,24 PARAGANAS SOUTH,108175,RAMNAGAR-GAZIPUR
304,24 PARAGANAS SOUTH,107989,RAMNAGAR-I
320,NADIA,110907,RAMNAGAR-I
320,NADIA,110908,RAMNAGAR-II
304,24 PARAGANAS SOUTH,107990,RAMNAGAR-II
310,DINAJPUR DAKSHIN,109246,RAMPARA CHENCHRA
319,MURSHIDABAD,110533,RAMPARA-I
319,MURSHIDABAD,110534,RAMPARA-II
704,PASCHIM BARDHAMAN,108697,RAMPRASADPUR
311,DINAJPUR UTTAR,109343,RAMPUR
307,BIRBHUM,108831,RAMPUR
313,HOWRAH,109691,RAMPUR-DIHIBHUSUT ASANDA
308,COOCHBEHAR,109047,RAMPUR-I
308,COOCHBEHAR,109048,RAMPUR-II
305,BANKURA,108399,RAMSAGAR
314,JALPAIGURI,109836,RAMSHAI
303,24 PARAGANAS NORTH,107806,RANAGHAT
304,24 PARAGANAS SOUTH,108126,RANGABELIA
664,Alipurduar,109803,RANGALIBAJNA
314,JALPAIGURI,109816,RANGAMATI
319,MURSHIDABAD,110552,RANGAMATI CHANDPARA
321,PURULIA,111038,RANGAMATI-RANJANDIH
309,DARJEELING,260995,RANGBHANG GOPALDHARA
309,DARJEELING,260996,RANGBUL
304,24 PARAGANAS SOUTH,108189,RANGILBAD
309,DARJEELING,260965,RANGIT-I
309,DARJEELING,260966,RANGIT-II
309,DARJEELING,261057,RANGLI
304,24 PARAGANAS SOUTH,108064,RANIA
305,BANKURA,108427,RANIBANDH
318,MEDINIPUR WEST,110294,RANICHAK
311,DINAJPUR UTTAR,109329,RANIGANJ
316,MALDAH,109899,RANIGANJ-I
316,MALDAH,109900,RANIGANJ-II
309,DARJEELING,109133,RANIGANJ-PANISHALI
319,MURSHIDABAD,110706,RANINAGAR
319,MURSHIDABAD,110730,RANINAGAR-I
319,MURSHIDABAD,110731,RANINAGAR-II
308,COOCHBEHAR,109011,RANIRHAT
318,MEDINIPUR WEST,110457,RANISARAI
311,DINAJPUR UTTAR,109330,RASAKHOWA-I
311,DINAJPUR UTTAR,109331,RASAKHOWA-II
304,24 PARAGANAS SOUTH,108288,RASAPUNJA
316,MALDAH,109919,RASHIDABAD
312,HOOGHLY,109460,RASIDPUR
304,24 PARAGANAS SOUTH,108038,RASKHALI
318,MEDINIPUR WEST,110336,RASKUNDA
313,HOWRAH,109562,RASPUR
319,MURSHIDABAD,110689,RASULPUR
305,BANKURA,108400,RATANPUR
316,MALDAH,109949,RATHBARI
704,PASCHIM BARDHAMAN,108743,RATIBATI
316,MALDAH,109992,RATUA
303,24 PARAGANAS NORTH,107902,RAUTARA
320,NADIA,110784,RAUTARI
306,PURBA BARDHAMAN,108521,RAYAN-I
306,PURBA BARDHAMAN,108522,RAYAN-II
306,PURBA BARDHAMAN,108728,RAYNA
309,DARJEELING,260967,RELLING
309,DARJEELING,261058,RESSEP
321,PURULIA,111027,RIGID
309,DARJEELING,260968,RIMBIK
304,24 PARAGANAS SOUTH,108157,RISHI BANKIMCHANDRA
317,MEDINIPUR EAST,110061,RISHIBANKIMCHANDRA
316,MALDAH,109912,RISHIPUR
309,DARJEELING,260969,RISHIRHATBLOOM FIELD
312,HOOGHLY,109542,RISHRA
703,Jhargram,110512,ROHINI
305,BANKURA,108356,ROL
309,DARJEELING,261059,RONGCHONG
702,KALIMPONG,260980,RONGO
321,PURULIA,111007,ROPO
305,BANKURA,108363,ROUTHKHANDA
305,BANKURA,108428,ROUTORA
305,BANKURA,108429,RUDRA
307,BIRBHUM,108848,RUDRANAGAR
304,24 PARAGANAS SOUTH,108271,RUDRANAGAR
313,HOWRAH,109619,RUDRAPUR
308,COOCHBEHAR,108993,RUIDANGA
320,NADIA,110869,RUIPUKUR.
319,MURSHIDABAD,110627,RUKUNPUR
303,24 PARAGANAS NORTH,107934,RUPAMARI
704,PASCHIM BARDHAMAN,108753,RUPNARAYANPUR
307,BIRBHUM,108760,RUPPUR
307,BIRBHUM,108793,RUPUSPUR
317,MEDINIPUR EAST,110038,SABAJPUT
319,MURSHIDABAD,110593,SABALDAHA
319,MURSHIDABAD,110594,SABALPUR
312,HOOGHLY,109484,SABALSINGHAPUR
318,MEDINIPUR WEST,110492,SABANG
318,MEDINIPUR WEST,110268,SABRA
313,HOWRAH,109589,SABSIT
319,MURSHIDABAD,110660,SADAL
320,NADIA,110875,SADHANPARA-I
320,NADIA,110876,SADHANPARA-II
303,24 PARAGANAS NORTH,107783,SADHANPUR
319,MURSHIDABAD,110636,SADIKHANDERAH
319,MURSHIDABAD,110757,SADIKPUR
316,MALDAH,109927,SADLICHAK
310,DINAJPUR DAKSHIN,109227,SAFANAGAR
317,MEDINIPUR EAST,110096,SAGARBARH
319,MURSHIDABAD,110742,SAGARDIGHI
319,MURSHIDABAD,110637,SAGARPARA
306,PURBA BARDHAMAN,108640,SAGRHAI
303,24 PARAGANAS NORTH,107973,SAGUNA
320,NADIA,110777,SAGUNA
316,MALDAH,109965,SAHABAJPUR
316,MALDAH,109966,SAHABANCHAK
318,MEDINIPUR WEST,110295,SAHACHAK
304,24 PARAGANAS SOUTH,108150,SAHAJADAPUR
319,MURSHIDABAD,110553,SAHAJADPUR
316,MALDAH,109901,SAHAJADPUR
305,BANKURA,108312,SAHAJORA
316,MALDAH,109983,SAHAPUR
307,BIRBHUM,108897,SAHAPUR
307,BIRBHUM,108774,SAHAPUR
313,HOWRAH,109646,SAHAPUR
311,DINAJPUR UTTAR,109279,SAHAPUR-I
311,DINAJPUR UTTAR,109262,SAHAPUR-I
311,DINAJPUR UTTAR,109280,SAHAPUR-II
311,DINAJPUR UTTAR,109263,SAHAPUR-II
317,MEDINIPUR EAST,110062,SAHARA
305,BANKURA,108357,SAHASPUR
308,COOCHBEHAR,108977,SAHEBGANJ
306,PURBA BARDHAMAN,108513,SAHEBGANJ-I
306,PURBA BARDHAMAN,108514,SAHEBGANJ-II
303,24 PARAGANAS NORTH,107935,SAHEBKHALI
319,MURSHIDABAD,110638,SAHEBNAGAR
320,NADIA,110951,SAHEBNAGAR
319,MURSHIDABAD,110595,SAHORA
310,DINAJPUR DAKSHIN,109214,SAIYADPUR
314,JALPAIGURI,109744,SAKOYAJHORA-I
314,JALPAIGURI,109745,SAKOYAJHORA-II
316,MALDAH,109902,SALAIDANGA
704,PASCHIM BARDHAMAN,108754,SALANPUR
319,MURSHIDABAD,110579,SALAR
314,JALPAIGURI,109746,SALBARI-I
308,COOCHBEHAR,109049,SALBARI-I
308,COOCHBEHAR,109050,SALBARI-II
314,JALPAIGURI,109747,SALBARI-II
305,BANKURA,108364,SALDA
305,BANKURA,108323,SALDIHA
312,HOOGHLY,109358,SALEPUR-I
312,HOOGHLY,109359,SALEPUR-II
318,MEDINIPUR WEST,110263,SALIKOTHA
305,BANKURA,108435,SALMA
305,BANKURA,108436,SALTORA
305,BANKURA,108467,SALTORA
321,PURULIA,111064,SALTORE
319,MURSHIDABAD,110580,SALU
702,KALIMPONG,261010,SAMALBONG
316,MALDAH,109999,SAMBALPUR
704,PASCHIM BARDHAMAN,108755,SAMDI
310,DINAJPUR DAKSHIN,109228,SAMJIA
319,MURSHIDABAD,110713,SAMMATINAGAR
317,MEDINIPUR EAST,110140,SAMSABAD
316,MALDAH,109993,SAMSI
702,KALIMPONG,260981,SAMSING
702,KALIMPONG,261011,SAMTHAR
306,PURBA BARDHAMAN,108711,SAMUDRAGARH
305,BANKURA,108301,SANBANDHA
703,Jhargram,110241,SANDAPARA
303,24 PARAGANAS NORTH,107936,SANDELERBIL
303,24 PARAGANAS NORTH,107966,SANDESHKHALI
318,MEDINIPUR WEST,110320,SANDHIPUR
307,BIRBHUM,108908,SANGRA
303,24 PARAGANAS NORTH,107843,SANGRAMPUR SHIBHATI
321,PURULIA,111109,SANKA
303,24 PARAGANAS NORTH,107844,SANKCHURA BEGUNDI
306,PURBA BARDHAMAN,108555,SANKO
318,MEDINIPUR WEST,110428,SANKOA
703,Jhargram,110513,SANKRAIL
313,HOWRAH,109661,SANKRAIL
314,JALPAIGURI,109853,SANNYASIKATA
313,HOWRAH,109604,SANPUIPARA BASUKATI
305,BANKURA,108401,SANTORE
312,HOOGHLY,109551,SANTOSHPUR
318,MEDINIPUR WEST,110397,SANTRAPUR
321,PURULIA,111120,SANTURI
312,HOOGHLY,109426,SAORA
703,Jhargram,110386,SAPDHARA
312,HOOGHLY,109401,SAPTAGRAM
314,JALPAIGURI,109837,SAPTIBARI-I
314,JALPAIGURI,109838,SAPTIBARI-II
317,MEDINIPUR EAST,110054,SARADA
312,HOOGHLY,109498,SARAI-TINNA
306,PURBA BARDHAMAN,108523,SARAITIKAR
319,MURSHIDABAD,110560,SARALPUR
319,MURSHIDABAD,110700,SARANGPUR
319,MURSHIDABAD,110609,SARANGPUR
313,HOWRAH,109596,SARATCHANDRA
320,NADIA,110778,SARATI
321,PURULIA,111065,SARBARI
303,24 PARAGANAS NORTH,107957,SARBERIA AGARHATI
318,MEDINIPUR WEST,110280,SARBERIA-I
318,MEDINIPUR WEST,110281,SARBERIA-II
317,MEDINIPUR EAST,110069,SARBODAYA
318,MEDINIPUR WEST,110331,SARBOTH
703,Jhargram,110387,SARDIHA
305,BANKURA,108443,SARENGA
313,HOWRAH,109662,SARENGA
304,24 PARAGANAS SOUTH,108083,SARENGABAD
306,PURBA BARDHAMAN,108610,SARGRAM
703,Jhargram,110363,SARIA
304,24 PARAGANAS SOUTH,108101,SARISA
318,MEDINIPUR WEST,110410,SARISHAKHOLA
307,BIRBHUM,108761,SARPALEHANA-ALBANDHA
664,Alipurduar,109784,SATALI
318,MEDINIPUR WEST,110337,SATBANKURA
306,PURBA BARDHAMAN,108587,SATGACHHI
304,24 PARAGANAS SOUTH,108065,SATGACHHIA
306,PURBA BARDHAMAN,108690,SATGACHHIA-I
306,PURBA BARDHAMAN,108691,SATGACHHIA-II
317,MEDINIPUR EAST,110195,SATILAPUR
306,PURBA BARDHAMAN,108556,SATINANDI
317,MEDINIPUR EAST,110108,SATISHSAMANTA
312,HOOGHLY,109511,SATITHAN
304,24 PARAGANAS SOUTH,108127,SATJELIA
703,Jhargram,110364,SATMA
305,BANKURA,108468,SATMOULI
307,BIRBHUM,108819,SATPALSA
307,BIRBHUM,108762,SATTORE
319,MURSHIDABAD,110554,SATUI CHAURIGACHHA
318,MEDINIPUR WEST,110308,SATYAPUR
318,MEDINIPUR WEST,110269,SAURIKOTBAR
318,MEDINIPUR WEST,110440,SAUTIA
303,24 PARAGANAS NORTH,107797,SAYESTANAGAR-I
303,24 PARAGANAS NORTH,107798,SAYESTANAGAR-II
309,DARJEELING,261038,SEETONG-I
309,DARJEELING,261039,SEETONG-II
306,PURBA BARDHAMAN,108729,SEHARA
303,24 PARAGANAS NORTH,107958,SEHERA RADHNAGAR
319,MURSHIDABAD,110714,SEKALIPUR
307,BIRBHUM,108832,SEKEDDA
319,MURSHIDABAD,110715,SEKENDRA
702,KALIMPONG,261012,SEOKBIR
317,MEDINIPUR EAST,110129,SEORABERIAJALPAI-I
317,MEDINIPUR EAST,110130,SEORABERIAJALPAI-II
321,PURULIA,110965,SERENGDIH
306,PURBA BARDHAMAN,108546,SERORAI
311,DINAJPUR UTTAR,109344,SERPUR
309,DARJEELING,261040,SETTONG-III
303,24 PARAGANAS NORTH,107837,SEWLI
319,MURSHIDABAD,110535,SHAKTIPUR
313,HOWRAH,109620,SHALAP-I
313,HOWRAH,109621,SHALAP-II
703,Jhargram,110388,SHALBONI
318,MEDINIPUR WEST,110502,SHALBONI
664,Alipurduar,109759,SHALKUMAR
664,Alipurduar,109716,SHALKUMAR-I
664,Alipurduar,109717,SHALKUMAR-II
304,24 PARAGANAS SOUTH,108128,SHAMBHUNAGAR
664,Alipurduar,109728,SHAMUKTALA
702,KALIMPONG,261028,SHANGSE
313,HOWRAH,109634,SHANKARHATI-I
313,HOWRAH,109635,SHANKARHATI-II
306,PURBA BARDHAMAN,108641,SHANKARI-I
306,PURBA BARDHAMAN,108642,SHANKARI-II
318,MEDINIPUR WEST,110338,SHANKARKANTA
304,24 PARAGANAS SOUTH,108228,SHANKARPUR
304,24 PARAGANAS SOUTH,107991,SHANKARPUR-I
304,24 PARAGANAS SOUTH,107992,SHANKARPUR-II
304,24 PARAGANAS SOUTH,108016,SHANKSAHAR
304,24 PARAGANAS SOUTH,108027,SHANPUKUR
317,MEDINIPUR EAST,110204,SHANTIPUR-I
317,MEDINIPUR EAST,110205,SHANTIPUR-II
702,KALIMPONG,261029,SHANTUK
303,24 PARAGANAS NORTH,107974,SHARAPUL NIRMAN
318,MEDINIPUR WEST,110493,SHARTA
303,24 PARAGANAS NORTH,107823,SHASAN
306,PURBA BARDHAMAN,108643,SHASHANGA
313,HOWRAH,109681,SHASHATI
703,Jhargram,110365,SHASHRHA
318,MEDINIPUR WEST,110503,SHATPATI
304,24 PARAGANAS SOUTH,108190,SHERPUR
313,HOWRAH,109636,SHIALDANGA
318,MEDINIPUR WEST,110441,SHIALSAI
303,24 PARAGANAS NORTH,107831,SHIBDASPUR
320,NADIA,110856,SHIBNIBAS
319,MURSHIDABAD,110690,SHIBPUR
304,24 PARAGANAS SOUTH,108247,SHIBRAMPUR
308,COOCHBEHAR,109004,SHIKARPUR
320,NADIA,110840,SHIKARPUR
304,24 PARAGANAS SOUTH,107993,SHIKHARBALI-I
304,24 PARAGANAS SOUTH,107994,SHIKHARBALI-II
312,HOOGHLY,109499,SHIKHIRACHANPTA
703,Jhargram,110242,SHILDA
306,PURBA BARDHAMAN,108658,SHIMULIA-I
306,PURBA BARDHAMAN,108659,SHIMULIA-II
703,Jhargram,110243,SHIMULPAL
303,24 PARAGANAS NORTH,107894,SHIMULPUR
318,MEDINIPUR WEST,110436,SHIROMONI
318,MEDINIPUR WEST,110411,SHIRSHA
310,DINAJPUR DAKSHIN,109215,SHIRSHI
664,Alipurduar,109804,SHISHUJHUMRA
307,BIRBHUM,108863,SHITALGRAM
317,MEDINIPUR EAST,110131,SHITALPURPASCHIM
309,DARJEELING,261041,SHIVAKHOLA
312,HOOGHLY,109382,SHIYAKHALA
304,24 PARAGANAS SOUTH,108191,SHRICHANDA
303,24 PARAGANAS NORTH,107853,SHRINAGAR METIA
306,PURBA BARDHAMAN,108671,SHUSHUNIA
312,HOOGHLY,109435,SHYAMBAZAR
704,PASCHIM BARDHAMAN,108578,SHYAMLA
318,MEDINIPUR WEST,110321,SHYAMNAGAR
305,BANKURA,108365,SHYAMNAGAR
320,NADIA,110923,SHYAMNAGAR
320,NADIA,110943,SHYAMNAGAR
312,HOOGHLY,109519,SHYAMPUR
306,PURBA BARDHAMAN,108730,SHYAMSUNDAR
305,BANKURA,108420,SHYAMSUNDARPUR
307,BIRBHUM,108763,SIAN-MULUK
317,MEDINIPUR EAST,110097,SIDDHA-I
317,MEDINIPUR EAST,110098,SIDHHA-II
321,PURULIA,111008,SIDHI-JAMRA
305,BANKURA,108381,SIHAR
312,HOOGHLY,109370,SIJAKAMALPUR
319,MURSHIDABAD,110575,SIJGRAM
703,Jhargram,110233,SIJUA
314,JALPAIGURI,109854,SIKARPUR
316,MALDAH,109941,SILAMPUR-I
316,MALDAH,109942,SILAMPUR-II
320,NADIA,110779,SILINDA-I
320,NADIA,110780,SILINDA-II
321,PURULIA,111039,SIMLA-DHANARA
312,HOOGHLY,109500,SIMLAGARHVITASIN
305,BANKURA,108450,SIMLAPAL
317,MEDINIPUR EAST,110011,SIMULIA
319,MURSHIDABAD,110581,SIMULIA
320,NADIA,110781,SIMURALI
702,KALIMPONG,261013,SINDEPONG
303,24 PARAGANAS NORTH,107807,SINDRANI
321,PURULIA,110966,SINDRI
321,PURULIA,110982,SINDRI
307,BIRBHUM,108764,SINGHEE
306,PURBA BARDHAMAN,108618,SINGI
309,DARJEELING,261060,SINGRIMATAM
309,DARJEELING,260970,SINGTAMN SOOM
313,HOWRAH,109692,SINGTI
312,HOOGHLY,109535,SINGUR-I
312,HOOGHLY,109536,SINGUR-II
313,HOWRAH,109563,SIRAJBATI
304,24 PARAGANAS SOUTH,108192,SIRAKOL
309,DARJEELING,260971,SIRIKHOLA-DARAGAON
321,PURULIA,110959,SIRKABAD
307,BIRBHUM,108783,SIRSHA
306,PURBA BARDHAMAN,108626,SITAHATI
308,COOCHBEHAR,109016,SITAI-I
308,COOCHBEHAR,109017,SITAI-II
308,COOCHBEHAR,109025,SITALKUCHI
311,DINAJPUR UTTAR,109345,SITGRAM
318,MEDINIPUR WEST,110309,SNARPUR-LOYADA
303,24 PARAGANAS NORTH,107882,SOHAI-SHETPUR
312,HOOGHLY,109418,SOMASPUR-I
312,HOOGHLY,109419,SOMASPUR-II
319,MURSHIDABAD,110536,SOMEPARA-I
319,MURSHIDABAD,110537,SOMEPARA-II
312,HOOGHLY,109371,SOMRA-I
312,HOOGHLY,109372,SOMRA-II
317,MEDINIPUR EAST,110141,SONACHURA
305,BANKURA,108421,SONAGARA
321,PURULIA,111093,SONAIJURI
321,PURULIA,111040,SONAIJURI
303,24 PARAGANAS NORTH,107918,SONAPUKUR SANKARPUR
311,DINAJPUR UTTAR,109255,SONAPUR
304,24 PARAGANAS SOUTH,108282,SONARPUR-II
321,PURULIA,111041,SONATHALI
309,DARJEELING,261051,SOURENI-I
309,DARJEELING,261052,SOURENI-II
304,24 PARAGANAS SOUTH,108066,SOUTH BAWALI
314,JALPAIGURI,109773,SOUTH BERUBARI
304,24 PARAGANAS SOUTH,107995,SOUTH GARIA
317,MEDINIPUR EAST,110177,SOUTH KHANDA
316,MALDAH,109887,SOVANAGAR
306,PURBA BARDHAMAN,108619,SREEBATI
306,PURBA BARDHAMAN,108611,SREEKHANDA
307,BIRBHUM,108909,SREENIDHIPUR
316,MALDAH,110000,SREEPUR-I
316,MALDAH,110001,SREEPUR-II
317,MEDINIPUR EAST,110178,SREERAMPUR
704,PASCHIM BARDHAMAN,108698,SREERAMPUR
312,HOOGHLY,109520,SREERAMPUR
316,MALDAH,109913,SREERAMPUR
306,PURBA BARDHAMAN,108712,SREERAMPUR
317,MEDINIPUR EAST,110221,SREERAMPUR-I
317,MEDINIPUR EAST,110222,SREERAMPUR-II
304,24 PARAGANAS SOUTH,108158,SRI SRI RAMKRISHNA
304,24 PARAGANAS SOUTH,108261,SRIDHARNAGAR
317,MEDINIPUR EAST,110118,SRIKANTHA
303,24 PARAGANAS NORTH,107910,SRIKRISHNAPUR
304,24 PARAGANAS SOUTH,108159,SRINAGAR
304,24 PARAGANAS SOUTH,108262,SRINARAYANPUR PURNACHANDRAPUR
312,HOOGHLY,109450,SRIPATIPURILIPUR
304,24 PARAGANAS SOUTH,108139,SRIPUR
312,HOOGHLY,109373,SRIPUR-BALAGARH
309,DARJEELING,261042,ST. MARRYS-I
309,DARJEELING,261043,ST. MARRYS-II
309,DARJEELING,261044,ST. MARRYS-III
306,PURBA BARDHAMAN,108612,SUDPUR
312,HOOGHLY,109512,SUGANDHA
316,MALDAH,109943,SUJAPUR
319,MURSHIDABAD,110526,SUJAPUR-KUMARPUR
308,COOCHBEHAR,108978,SUKARUKUTHI
310,DINAJPUR DAKSHIN,109207,SUKDEVPUR
314,JALPAIGURI,109855,SUKHANI
309,DARJEELING,260997,SUKHIA-SIMANA
309,DARJEELING,261045,SUKNA
321,PURULIA,110983,SUKURHUTU
314,JALPAIGURI,109843,SULKAPARA
316,MALDAH,109928,SULTANNAGAR
318,MEDINIPUR WEST,110351,SULTANPUR
306,PURBA BARDHAMAN,108596,SULTANPUR
319,MURSHIDABAD,110596,SUNDARPUR
303,24 PARAGANAS NORTH,107868,SUNDARPUR
319,MURSHIDABAD,110568,SUNDARPUR
321,PURULIA,110992,SUPUDIH
305,BANKURA,108373,SUPUR
311,DINAJPUR UTTAR,109264,SURJAPUR-I
311,DINAJPUR UTTAR,109265,SURJAPUR-II
311,DINAJPUR UTTAR,109309,SURUN-I
311,DINAJPUR UTTAR,109310,SURUN-II
304,24 PARAGANAS SOUTH,108160,SURYANAGAR
305,BANKURA,108324,SUSUNIA
303,24 PARAGANAS NORTH,107895,SUTIA
308,COOCHBEHAR,108950,SUTKABARI
313,HOWRAH,109647,SUVARARA
304,24 PARAGANAS SOUTH,108161,SWAMI BIBEKANANDA
320,NADIA,110884,SWARUPGANJ
303,24 PARAGANAS NORTH,107975,SWARUPNAGAR BANGLANI
319,MURSHIDABAD,110628,SWARUPPUR
702,KALIMPONG,261030,SYAKIYONG
313,HOWRAH,109673,SYAMPUR
309,DARJEELING,261061,TACKLING-I
309,DARJEELING,261062,TACKLING-II
313,HOWRAH,109578,TAJPUR
308,COOCHBEHAR,108935,TAKAGACHH-RAJARHAT
309,DARJEELING,261063,TAKDAH
318,MEDINIPUR WEST,110270,TALDA
320,NADIA,110857,TALDAH MAJDIA
305,BANKURA,108469,TALDANGRA
304,24 PARAGANAS SOUTH,108076,TALDI
317,MEDINIPUR EAST,110186,TALGACHHARI-I
317,MEDINIPUR EAST,110187,TALGACHHARI-II
319,MURSHIDABAD,110576,TALGRAM
319,MURSHIDABAD,110582,TALIBPUR
307,BIRBHUM,108813,TALOWAN
312,HOOGHLY,109552,TALPUR
304,24 PARAGANAS SOUTH,108084,TAMBULDAHA-I
304,24 PARAGANAS SOUTH,108085,TAMBULDAHA-II
318,MEDINIPUR WEST,110437,TANTIGERIA
307,BIRBHUM,108879,TANTIPARA
312,HOOGHLY,109472,TANTISAL
318,MEDINIPUR WEST,110442,TANUA
310,DINAJPUR DAKSHIN,109247,TAPANCHANDIPUR
313,HOWRAH,109701,TAPNA
703,Jhargram,110358,TAPSHIA
704,PASCHIM BARDHAMAN,108579,TAPSI
664,Alipurduar,109718,TAPSIKHATA
321,PURULIA,111121,TARABARI
303,24 PARAGANAS NORTH,107784,TARABERIA
320,NADIA,110909,TARAPUR
304,24 PARAGANAS SOUTH,108017,TARDA
318,MEDINIPUR WEST,110264,TARURUI
702,KALIMPONG,261014,TASHIDING
320,NADIA,110782,TATLA-I
320,NADIA,110783,TATLA-II
664,Alipurduar,109729,TATPARA-I
664,Alipurduar,109730,TATPARA-II
321,PURULIA,111028,TATUARA
318,MEDINIPUR WEST,110412,TEGHARI
319,MURSHIDABAD,110716,TEGHARI-I
305,BANKURA,108325,TEGHORI
320,NADIA,110944,TEHATTA
313,HOWRAH,109707,TEHATTA-KANTABERIA-I
313,HOWRAH,109708,TEHATTA-KANTABERIA-II
303,24 PARAGANAS NORTH,107869,TENGRA
319,MURSHIDABAD,110722,TENKARAIPUR BALUMATI
321,PURULIA,110974,TENTLOW
319,MURSHIDABAD,110680,TENTULIA
319,MURSHIDABAD,110583,TENYA-BAIDYAPUR
303,24 PARAGANAS NORTH,107976,TEPUR MIRZAPUR
314,JALPAIGURI,109817,TESIMALA
312,HOOGHLY,109473,THAKURANICHAK
313,HOWRAH,109579,THALIA
313,HOWRAH,109663,THANAMAKUA
307,BIRBHUM,108804,THIBA
307,BIRBHUM,108873,THUPSARA
317,MEDINIPUR EAST,110080,TIKASHI
317,MEDINIPUR EAST,110119,TILKHOJA
307,BIRBHUM,108916,TILPARA
305,BANKURA,108437,TILURI
319,MURSHIDABAD,110751,TINPUKURIA
704,PASCHIM BARDHAMAN,108744,TIRAT
312,HOOGHLY,109360,TIROLE
702,KALIMPONG,261015,TISTA
702,KALIMPONG,260982,TODEYTANGTA
311,DINAJPUR UTTAR,109266,TORIYAL
664,Alipurduar,109805,TOTOPARA BALLALGURI
704,PASCHIM BARDHAMAN,108603,TRILOKCHANDRAPUR
321,PURULIA,111019,TULIN
313,HOWRAH,109709,TULSIBERIA
316,MALDAH,109920,TULSIHATTA
321,PURULIA,110984,TUMRASOLE
321,PURULIA,110967,TUNTURI-SUISA
318,MEDINIPUR WEST,110271,TURKA
664,Alipurduar,109731,TURTURI
664,Alipurduar,109793,TURTURIKHANDA
318,MEDINIPUR WEST,110458,TUTRANGA
306,PURBA BARDHAMAN,108738,UCHALAN
308,COOCHBEHAR,109012,UCHALPUKURI
306,PURBA BARDHAMAN,108547,UCHCHAGRAM
307,BIRBHUM,108874,UCHKARAN
313,HOWRAH,109564,UDANG-I
313,HOWRAH,109565,UDANG-II
310,DINAJPUR DAKSHIN,109209,UDAY
310,DINAJPUR DAKSHIN,109236,UDAYPUR
321,PURULIA,111075,UDAYPUR-JOYNAGAR
704,PASCHIM BARDHAMAN,108699,UKHRA
306,PURBA BARDHAMAN,108644,UKHRID
306,PURBA BARDHAMAN,108485,UKTA
305,BANKURA,108478,ULIARA
307,BIRBHUM,108820,ULKUNDA
319,MURSHIDABAD,110767,UMRAPUR
308,COOCHBEHAR,108994,UNISHBISHA
321,PURULIA,111009,UPANKAHAN
309,DARJEELING,109164,UPPER BAGDOGRA
702,KALIMPONG,261016,UPPER ECHHAY
309,DARJEELING,260998,UPPER SONADA
304,24 PARAGANAS SOUTH,108209,URELCHANDPUR
318,MEDINIPUR WEST,110339,URIASAI
304,24 PARAGANAS SOUTH,108193,USTHI
308,COOCHBEHAR,108984,UTTAR BARA HALDIBARI
316,MALDAH,109977,UTTAR CHANDIPUR
304,24 PARAGANAS SOUTH,108140,UTTAR DURGAPUR
313,HOWRAH,109622,UTTAR JHAPARDAHA
304,24 PARAGANAS SOUTH,108229,UTTAR LAKSHMINARAYANPUR
316,MALDAH,109950,UTTAR LAKSHMIPUR
304,24 PARAGANAS SOUTH,108008,UTTAR MOKAMBERIA
316,MALDAH,109951,UTTAR PACHANANDAPUR-II
316,MALDAH,109952,UTTAR PANCHANANDAPUR-I
304,24 PARAGANAS SOUTH,108055,UTTAR RAIPUR
305,BANKURA,108366,UTTARBARH
304,24 PARAGANAS SOUTH,108194,UTTARKUSUM
317,MEDINIPUR EAST,110223,UTTARSONAMUI
306,PURBA BARDHAMAN,108672,VAGRAMULGRAM
664,Alipurduar,109794,VALKA BARABISA-I
664,Alipurduar,109795,VALKA BARABISA-II
306,PURBA BARDHAMAN,108491,VALKI
316,MALDAH,109929,VALUKA
310,DINAJPUR DAKSHIN,109193,VATPARA
306,PURBA BARDHAMAN,108492,VEDIA
318,MEDINIPUR WEST,110419,VETIA
317,MEDINIPUR EAST,110070,VIVEKANANDA
664,Alipurduar,109719,VIVEKANDA-I
664,Alipurduar,109720,VIVEKANDA-II
702,KALIMPONG,261017,YANGMAKUM
304,24 PARAGANAS SOUTH,108195,YEARPUR
303,24 PARAGANAS NORTH,,
304,24 PARAGANAS SOUTH,,
664,Alipurduar,,
307,BIRBHUM,,
308,COOCHBEHAR,,
309,DARJEELING,,
310,DINAJPUR DAKSHIN,,
311,DINAJPUR UTTAR,,
312,HOOGHLY,,
314,JALPAIGURI,,
703,Jhargram,,
315,KOLKATA,,
316,MALDAH,,
317,MEDINIPUR EAST,,
318,MEDINIPUR WEST,,
319,MURSHIDABAD,,
320,NADIA,,
704,PASCHIM BARDHAMAN,,
321,PURULIA,,
